"QYEAR","NEWID","SEQNO","ALCNO","REC_ORIG","CRMCODEA","CRMC_DEA","ADVMATX","ADVMATX_","MATNSPCX","MATN_PCX","CRMCDA1","CRMCDA1_","CRMCDA2","CRMCDA2_","CRMCDA3","CRMCDA3_","CRMCDA4","CRMCDA4_","CRMCDA5","CRMCDA5_","CRMCDA6","CRMCDA6_","CRMCDA7","CRMCDA7_","CRMCDA8","CRMCDA8_","CRMCDA9","CRMCDA9_"
"20191","03892244","8","0","1","","A","","A","20","D","","A","","A","","A","","A","","A","","A","","A","","A","","A"
"20191","03893594","2","0","1","270","D","155","D","","A","","A","","A","","A","","A","","A","","A","","A","","A","","A"
"20191","03894734","20","0","1","280","D","150","D","","A","","A","","A","","A","","A","","A","","A","","A","","A","","A"
"20191","03895734","10","0","1","130","D","125","D","","A","","A","","A","","A","","A","","A","","A","","A","","A","","A"
"20191","03896124","6","0","1","","A","","A","150","D","","A","","A","","A","","A","","A","","A","","A","","A","","A"
"20191","03898984","9","0","1","","A","","A","40","D","","A","","A","","A","","A","","A","","A","","A","","A","","A"
"20191","03899824","8","0","1","175","D","100","D","","A","","A","","A","","A","","A","","A","","A","","A","","A","","A"
"20191","03900444","9","0","1","130","D","1000","D","","A","","A","","A","","A","","A","","A","","A","","A","","A","","A"
"20191","03901084","2","0","1","300","D","75","D","","A","","A","","A","","A","","A","","A","","A","","A","","A","","A"
"20191","03901934","5","0","1","300","D","175","D","20","D","","A","","A","","A","","A","","A","","A","","A","","A","","A"
"20191","03902544","5","0","1","130","D","50","D","","A","","A","","A","","A","","A","","A","","A","","A","","A","","A"
"20191","03902814","6","0","1","130","D","13000","D","","A","","A","","A","","A","","A","","A","","A","","A","","A","","A"
"20191","03905154","6","0","1","175","D","140","D","","A","","A","","A","","A","","A","","A","","A","","A","","A","","A"
"20191","03905214","18","0","1","130","D","80","D","","A","","A","","A","","A","","A","","A","","A","","A","","A","","A"
"20191","03905254","15","0","1","300","D","698","D","","A","","A","","A","","A","","A","","A","","A","","A","","A","","A"
"20191","03906624","12","0","1","","A","","A","28","D","","A","","A","","A","","A","","A","","A","","A","","A","","A"
"20191","03911754","27","0","1","130","D","250","D","","A","","A","","A","","A","","A","","A","","A","","A","","A","","A"
"20191","03912644","10","0","1","300","D","60","D","","A","","A","","A","","A","","A","","A","","A","","A","","A","","A"
"20191","03922894","25","0","1","190","D","21","D","","A","","A","","A","","A","","A","","A","","A","","A","","A","","A"
"20191","03923534","14","0","1","175","D","30","D","","A","","A","","A","","A","","A","","A","","A","","A","","A","","A"
"20191","03924264","6","0","1","","A","","A","277","D","","A","","A","","A","","A","","A","","A","","A","","A","","A"
"20191","03925074","1","0","1","200","D","112","D","","A","","A","","A","","A","","A","","A","","A","","A","","A","","A"
"20191","03925954","13","0","1","210","D","75","D","47","D","","A","","A","","A","","A","","A","","A","","A","","A","","A"
"20191","03926534","8","0","1","130","D","2000","D","","A","","A","","A","","A","","A","","A","","A","","A","","A","","A"
"20191","03926984","6","0","1","235","D","150","D","","A","","A","","A","","A","","A","","A","","A","","A","","A","","A"
"20191","03927154","7","0","1","175","D","68","D","","A","","A","","A","","A","","A","","A","","A","","A","","A","","A"
"20191","03928074","2","0","1","300","D","100","D","100","D","","A","","A","","A","","A","","A","","A","","A","","A","","A"
"20191","03930364","6","0","1","260","D","400","D","","A","","A","","A","","A","","A","","A","","A","","A","","A","","A"
"20191","03932294","4","0","1","","A","","A","30","D","","A","","A","","A","","A","","A","","A","","A","","A","","A"
"20191","03932684","12","0","1","130","D","40","D","","A","","A","","A","","A","","A","","A","","A","","A","","A","","A"
"20191","03944143","24","0","1","235","D","75","D","","A","","A","","A","","A","","A","","A","","A","","A","","A","","A"
"20191","03946873","4","0","1","260","D","250","D","","A","","A","","A","","A","","A","","A","","A","","A","","A","","A"
"20191","03947033","3","0","1","175","D","35","D","","A","","A","","A","","A","","A","","A","","A","","A","","A","","A"
"20191","03947283","9","0","1","","A","","A","100","D","","A","","A","","A","","A","","A","","A","","A","","A","","A"
"20191","03947873","4","0","1","210","D","55","D","","A","","A","","A","","A","","A","","A","","A","","A","","A","","A"
"20191","03948113","14","0","1","200","D","115","D","","A","","A","","A","","A","","A","","A","","A","","A","","A","","A"
"20191","03949073","11","0","1","200","D","148","D","","A","","A","","A","","A","","A","","A","","A","","A","","A","","A"
"20191","03949843","21","0","1","","A","","A","50","D","","A","","A","","A","","A","","A","","A","","A","","A","","A"
"20191","03950793","6","0","1","","A","","A","250","D","","A","","A","","A","","A","","A","","A","","A","","A","","A"
"20191","03952513","4","0","1","200","D","100","D","","A","","A","","A","","A","","A","","A","","A","","A","","A","","A"
"20191","03953333","7","0","1","300","D","450","D","","A","","A","","A","","A","","A","","A","","A","","A","","A","","A"
"20191","03965163","13","0","1","300","D","100","D","","A","","A","","A","","A","","A","","A","","A","","A","","A","","A"
"20191","03965363","14","0","1","","A","","A","75","D","","A","","A","","A","","A","","A","","A","","A","","A","","A"
"20191","03965593","10","0","1","300","D","888","D","","A","","A","","A","","A","","A","","A","","A","","A","","A","","A"
"20191","03967103","17","0","1","130","D","300","D","","A","","A","","A","","A","","A","","A","","A","","A","","A","","A"
"20191","03967363","7","0","1","120","D","50","D","","A","","A","","A","","A","","A","","A","","A","","A","","A","","A"
"20191","03970123","2","0","1","130","D","1800","F","","A","","A","","A","","A","","A","","A","","A","","A","","A","","A"
"20191","03971993","8","0","1","220","D","100","D","","A","","A","","A","","A","","A","","A","","A","","A","","A","","A"
"20191","03972313","28","0","1","130","D","400","D","","A","","A","","A","","A","","A","","A","","A","","A","","A","","A"
"20191","03972413","8","0","1","300","D","65","D","","A","","A","","A","","A","","A","","A","","A","","A","","A","","A"
"20191","03975183","3","0","1","","A","","A","400","D","","A","","A","","A","","A","","A","","A","","A","","A","","A"
"20191","03987833","3","0","1","240","D","20","D","150","F","","A","","A","","A","","A","","A","","A","","A","","A","","A"
"20191","03988813","3","0","1","300","D","75","D","120","D","","A","","A","","A","","A","","A","","A","","A","","A","","A"
"20191","03989093","8","0","1","300","D","45","D","","A","","A","","A","","A","","A","","A","","A","","A","","A","","A"
"20191","03990943","7","0","1","300","D","665","D","","A","","A","","A","","A","","A","","A","","A","","A","","A","","A"
"20191","03991063","20","0","1","","A","","A","13","D","","A","","A","","A","","A","","A","","A","","A","","A","","A"
"20191","03995473","27","0","1","","A","","A","25","D","","A","","A","","A","","A","","A","","A","","A","","A","","A"
"20191","04006912","7","0","1","200","D","7","F","","A","","A","","A","","A","","A","","A","","A","","A","","A","","A"
"20191","04008922","18","0","1","210","D","50","D","80","D","","A","","A","","A","","A","","A","","A","","A","","A","","A"
"20191","04009802","8","0","1","235","D","1201","D","","A","","A","","A","","A","","A","","A","","A","","A","","A","","A"
"20191","04011962","12","0","1","","A","","A","50","D","","A","","A","","A","","A","","A","","A","","A","","A","","A"
"20191","04013822","18","0","1","300","D","279","D","","A","","A","","A","","A","","A","","A","","A","","A","","A","","A"
"20191","04014292","4","0","1","300","D","500","D","","A","","A","","A","","A","","A","","A","","A","","A","","A","","A"
"20191","04027822","7","0","1","140","D","35","D","","A","","A","","A","","A","","A","","A","","A","","A","","A","","A"
"20191","04029172","7","0","1","175","D","46","D","","A","","A","","A","","A","","A","","A","","A","","A","","A","","A"
"20191","04030502","11","0","1","235","D","20","D","","A","","A","","A","","A","","A","","A","","A","","A","","A","","A"
"20191","04034722","4","0","1","175","D","18","D","","A","","A","","A","","A","","A","","A","","A","","A","","A","","A"
"20191","04035272","12","0","1","","A","","A","300","D","","A","","A","","A","","A","","A","","A","","A","","A","","A"
"20191","04037382","6","0","1","175","D","160","D","","A","","A","","A","","A","","A","","A","","A","","A","","A","","A"
"20191","04037892","6","0","1","300","D","100","D","","A","","A","","A","","A","","A","","A","","A","","A","","A","","A"
"20191","04038052","54","0","1","","A","","A","9","D","","A","","A","","A","","A","","A","","A","","A","","A","","A"
"20191","04038252","25","0","1","","A","","A","25","D","","A","","A","","A","","A","","A","","A","","A","","A","","A"
"20191","04039152","5","0","1","","A","","A","200","D","","A","","A","","A","","A","","A","","A","","A","","A","","A"
"20191","04039622","4","0","1","235","D","200","D","","A","","A","","A","","A","","A","","A","","A","","A","","A","","A"
"20191","04041212","12","0","1","300","D","150","D","","A","","A","","A","","A","","A","","A","","A","","A","","A","","A"
"20191","04041522","3","0","1","","A","","A","1798","D","","A","","A","","A","","A","","A","","A","","A","","A","","A"
"20191","04041992","6","0","1","300","D","119","D","","A","","A","","A","","A","","A","","A","","A","","A","","A","","A"
"20191","04044702","5","0","1","","A","","A","1350","D","","A","","A","","A","","A","","A","","A","","A","","A","","A"
"20191","04045552","12","0","1","200","D","30","D","","A","","A","","A","","A","","A","","A","","A","","A","","A","","A"
"20191","04045663","10","0","1","120","D","1400","D","","A","","A","","A","","A","","A","","A","","A","","A","","A","","A"
"20191","04070291","9","2","1","300","D","103","E","","A","","A","","A","","A","","A","","A","","A","","A","","A","","A"
"20191","04070291","9","1","1","175","D","37","E","","A","","A","","A","","A","","A","","A","","A","","A","","A","","A"
"20191","04070291","9","0","1","310","D","","H","250","D","310","D","175","D","","A","","A","","A","","A","","A","","A","","A"
"20191","04070411","4","0","1","235","D","258","D","","A","","A","","A","","A","","A","","A","","A","","A","","A","","A"
"20191","04071151","4","0","1","300","D","1000","D","","A","","A","","A","","A","","A","","A","","A","","A","","A","","A"
"20191","04071191","1","0","1","200","D","350","D","","A","","A","","A","","A","","A","","A","","A","","A","","A","","A"
"20191","04071351","7","0","1","","A","","A","599","D","","A","","A","","A","","A","","A","","A","","A","","A","","A"
"20191","04071381","12","2","1","300","D","15","E","","A","","A","","A","","A","","A","","A","","A","","A","","A","","A"
"20191","04071381","12","1","1","175","D","30","E","","A","","A","","A","","A","","A","","A","","A","","A","","A","","A"
"20191","04071381","12","0","1","310","D","","H","","A","310","D","175","D","","A","","A","","A","","A","","A","","A","","A"
"20191","04072244","6","0","1","300","D","150","F","","A","","A","","A","","A","","A","","A","","A","","A","","A","","A"
"20191","04073451","5","0","1","","A","","A","30","D","","A","","A","","A","","A","","A","","A","","A","","A","","A"
"20191","04074761","11","0","1","235","D","108","D","","A","","A","","A","","A","","A","","A","","A","","A","","A","","A"
"20191","04074801","7","0","1","130","D","200","D","5300","D","","A","","A","","A","","A","","A","","A","","A","","A","","A"
"20191","04076661","4","0","1","160","D","45","D","","A","","A","","A","","A","","A","","A","","A","","A","","A","","A"
"20191","04077111","8","0","1","200","D","85","D","","A","","A","","A","","A","","A","","A","","A","","A","","A","","A"
"20191","04077141","15","0","1","","A","","A","150","D","","A","","A","","A","","A","","A","","A","","A","","A","","A"
"20191","04077571","17","0","1","160","D","180","D","150","D","","A","","A","","A","","A","","A","","A","","A","","A","","A"
"20191","04078851","3","0","1","110","D","800","D","","A","","A","","A","","A","","A","","A","","A","","A","","A","","A"
"20191","04079931","20","0","1","175","D","300","D","","A","","A","","A","","A","","A","","A","","A","","A","","A","","A"
"20191","04080041","5","0","1","300","D","59","D","","A","","A","","A","","A","","A","","A","","A","","A","","A","","A"
"20191","04090591","16","0","1","235","D","50","D","","A","","A","","A","","A","","A","","A","","A","","A","","A","","A"
"20191","04090601","3","0","1","","A","","A","20","D","","A","","A","","A","","A","","A","","A","","A","","A","","A"
"20191","04090951","5","0","1","130","D","537","D","","A","","A","","A","","A","","A","","A","","A","","A","","A","","A"
"20191","04091281","7","0","1","175","D","150","D","","A","","A","","A","","A","","A","","A","","A","","A","","A","","A"
"20191","04091831","10","0","1","130","D","300","D","","A","","A","","A","","A","","A","","A","","A","","A","","A","","A"
"20191","04092421","6","0","1","300","D","800","D","","A","","A","","A","","A","","A","","A","","A","","A","","A","","A"
"20191","04093121","4","0","1","300","D","1500","D","","A","","A","","A","","A","","A","","A","","A","","A","","A","","A"
"20191","04093771","5","0","1","200","D","7","D","","A","","A","","A","","A","","A","","A","","A","","A","","A","","A"
"20191","04095951","12","0","1","200","D","10","D","","A","","A","","A","","A","","A","","A","","A","","A","","A","","A"
"20191","04096001","11","0","1","300","D","350","D","","A","","A","","A","","A","","A","","A","","A","","A","","A","","A"
"20191","04096071","6","0","1","300","D","200","D","","A","","A","","A","","A","","A","","A","","A","","A","","A","","A"
"20191","04097601","8","0","1","300","D","100","D","","A","","A","","A","","A","","A","","A","","A","","A","","A","","A"
"20191","04097741","2","0","1","120","D","150","D","","A","","A","","A","","A","","A","","A","","A","","A","","A","","A"
"20191","04098561","3","0","1","260","D","3500","D","","A","","A","","A","","A","","A","","A","","A","","A","","A","","A"
"20191","04098771","8","0","1","","A","","A","15000","D","","A","","A","","A","","A","","A","","A","","A","","A","","A"
"20191","04099681","5","0","1","175","D","80","D","","A","","A","","A","","A","","A","","A","","A","","A","","A","","A"
"20191","04099831","9","0","1","130","D","75","D","","A","","A","","A","","A","","A","","A","","A","","A","","A","","A"
"20191","04101111","3","0","1","120","D","10","D","","A","","A","","A","","A","","A","","A","","A","","A","","A","","A"
"20191","04101221","3","0","1","235","D","3000","D","","A","","A","","A","","A","","A","","A","","A","","A","","A","","A"
"20191","04101341","3","0","1","175","D","30","D","","A","","A","","A","","A","","A","","A","","A","","A","","A","","A"
"20191","04101401","5","0","1","","A","","A","200","D","","A","","A","","A","","A","","A","","A","","A","","A","","A"
"20191","04101891","9","0","1","130","D","140","D","","A","","A","","A","","A","","A","","A","","A","","A","","A","","A"
"20191","04102201","2","0","1","130","D","1800","D","","A","","A","","A","","A","","A","","A","","A","","A","","A","","A"
"20191","04103091","21","0","1","200","D","160","D","","A","","A","","A","","A","","A","","A","","A","","A","","A","","A"
"20191","04103751","12","0","1","","A","","A","2000","D","","A","","A","","A","","A","","A","","A","","A","","A","","A"
"20191","04104231","7","0","1","300","D","770","D","","A","","A","","A","","A","","A","","A","","A","","A","","A","","A"
"20191","04104701","11","1","1","200","D","70","E","","A","","A","","A","","A","","A","","A","","A","","A","","A","","A"
"20191","04104701","11","0","1","310","D","","H","","A","190","D","200","D","","A","","A","","A","","A","","A","","A","","A"
"20191","04104951","11","0","1","140","D","300","D","","A","","A","","A","","A","","A","","A","","A","","A","","A","","A"
"20191","04105471","15","0","1","300","D","5000","D","","A","","A","","A","","A","","A","","A","","A","","A","","A","","A"
"20191","04105711","18","0","1","","A","","A","120","D","","A","","A","","A","","A","","A","","A","","A","","A","","A"
"20191","04106021","7","0","1","300","D","150","D","","A","","A","","A","","A","","A","","A","","A","","A","","A","","A"
"20191","04106331","10","0","1","130","D","8067","D","729","D","","A","","A","","A","","A","","A","","A","","A","","A","","A"
"20191","04106421","3","0","1","130","D","300","D","","A","","A","","A","","A","","A","","A","","A","","A","","A","","A"
"20191","04107291","4","0","1","","A","","A","300","D","","A","","A","","A","","A","","A","","A","","A","","A","","A"
"20191","04107371","10","0","1","","A","","A","1000","D","","A","","A","","A","","A","","A","","A","","A","","A","","A"
"20191","04107501","2","0","1","200","D","350","D","","A","","A","","A","","A","","A","","A","","A","","A","","A","","A"
"20191","04107661","5","0","1","175","D","125","D","","A","","A","","A","","A","","A","","A","","A","","A","","A","","A"
"20191","04108571","5","0","1","","A","","A","20","D","","A","","A","","A","","A","","A","","A","","A","","A","","A"
"20191","04108771","8","0","1","130","D","7000","D","","A","","A","","A","","A","","A","","A","","A","","A","","A","","A"
"20191","04109381","11","0","1","","A","","A","200","D","","A","","A","","A","","A","","A","","A","","A","","A","","A"
"20191","04110071","10","0","1","","A","","A","300","D","","A","","A","","A","","A","","A","","A","","A","","A","","A"
"20192","03944744","3","0","1","260","D","180","D","","A","","A","","A","","A","","A","","A","","A","","A","","A","","A"
"20192","03945684","7","0","1","300","D","130","D","","A","","A","","A","","A","","A","","A","","A","","A","","A","","A"
"20192","03946834","22","0","1","","A","","A","100","D","","A","","A","","A","","A","","A","","A","","A","","A","","A"
"20192","03946854","1","0","1","175","D","15","D","","A","","A","","A","","A","","A","","A","","A","","A","","A","","A"
"20192","03947034","6","0","1","175","D","134","F","","A","","A","","A","","A","","A","","A","","A","","A","","A","","A"
"20192","03947054","17","0","1","300","D","87","D","","A","","A","","A","","A","","A","","A","","A","","A","","A","","A"
"20192","03947284","3","0","1","","A","","A","20","D","","A","","A","","A","","A","","A","","A","","A","","A","","A"
"20192","03947684","9","0","1","175","D","300","D","","A","","A","","A","","A","","A","","A","","A","","A","","A","","A"
"20192","03948504","5","0","1","235","D","600","D","","A","","A","","A","","A","","A","","A","","A","","A","","A","","A"
"20192","03950794","5","0","1","130","D","300","D","","A","","A","","A","","A","","A","","A","","A","","A","","A","","A"
"20192","03952514","3","0","1","280","D","100","D","","A","","A","","A","","A","","A","","A","","A","","A","","A","","A"
"20192","03952864","1","0","1","300","D","30","D","","A","","A","","A","","A","","A","","A","","A","","A","","A","","A"
"20192","03953734","12","0","1","130","D","5357","D","","A","","A","","A","","A","","A","","A","","A","","A","","A","","A"
"20192","03954464","5","0","1","280","D","3200","D","","A","","A","","A","","A","","A","","A","","A","","A","","A","","A"
"20192","03964714","4","0","1","235","D","107","D","","A","","A","","A","","A","","A","","A","","A","","A","","A","","A"
"20192","03964974","2","0","1","235","D","94","D","","A","","A","","A","","A","","A","","A","","A","","A","","A","","A"
"20192","03965364","10","0","1","175","D","250","D","","A","","A","","A","","A","","A","","A","","A","","A","","A","","A"
"20192","03965914","11","0","1","175","D","150","D","","A","","A","","A","","A","","A","","A","","A","","A","","A","","A"
"20192","03966104","9","0","1","130","D","500","D","","A","","A","","A","","A","","A","","A","","A","","A","","A","","A"
"20192","03966134","14","0","1","160","D","1500","D","","A","","A","","A","","A","","A","","A","","A","","A","","A","","A"
"20192","03966284","5","0","1","300","D","300","D","","A","","A","","A","","A","","A","","A","","A","","A","","A","","A"
"20192","03967104","13","0","1","130","D","275","D","","A","","A","","A","","A","","A","","A","","A","","A","","A","","A"
"20192","03967364","4","0","1","175","D","75","D","","A","","A","","A","","A","","A","","A","","A","","A","","A","","A"
"20192","03968314","4","0","1","290","D","40","D","","A","","A","","A","","A","","A","","A","","A","","A","","A","","A"
"20192","03969194","13","0","1","","A","","A","20","D","","A","","A","","A","","A","","A","","A","","A","","A","","A"
"20192","03970324","6","0","1","175","D","134","D","","A","","A","","A","","A","","A","","A","","A","","A","","A","","A"
"20192","03970484","1","0","1","140","D","130","D","","A","","A","","A","","A","","A","","A","","A","","A","","A","","A"
"20192","03971484","4","0","1","160","D","150","D","","A","","A","","A","","A","","A","","A","","A","","A","","A","","A"
"20192","03971634","3","0","1","","A","","A","480","D","","A","","A","","A","","A","","A","","A","","A","","A","","A"
"20192","03971904","6","0","1","280","D","850","D","","A","","A","","A","","A","","A","","A","","A","","A","","A","","A"
"20192","03988784","8","0","1","","A","","A","100","D","","A","","A","","A","","A","","A","","A","","A","","A","","A"
"20192","03988814","3","0","1","300","D","80","D","","A","","A","","A","","A","","A","","A","","A","","A","","A","","A"
"20192","03989094","12","0","1","210","D","120","D","130","D","","A","","A","","A","","A","","A","","A","","A","","A","","A"
"20192","03989584","12","0","1","300","D","150","D","","A","","A","","A","","A","","A","","A","","A","","A","","A","","A"
"20192","03990104","7","0","1","300","D","150","D","","A","","A","","A","","A","","A","","A","","A","","A","","A","","A"
"20192","03991414","14","0","1","175","D","164","D","","A","","A","","A","","A","","A","","A","","A","","A","","A","","A"
"20192","03991874","8","0","1","160","D","100","D","","A","","A","","A","","A","","A","","A","","A","","A","","A","","A"
"20192","03992554","16","0","1","160","D","140","D","","A","","A","","A","","A","","A","","A","","A","","A","","A","","A"
"20192","03994374","12","0","1","300","D","326","D","","A","","A","","A","","A","","A","","A","","A","","A","","A","","A"
"20192","03995474","15","0","1","300","D","11","D","","A","","A","","A","","A","","A","","A","","A","","A","","A","","A"
"20192","04007123","9","0","1","300","D","50","D","","A","","A","","A","","A","","A","","A","","A","","A","","A","","A"
"20192","04008363","8","0","1","300","D","250","D","","A","","A","","A","","A","","A","","A","","A","","A","","A","","A"
"20192","04009523","6","0","1","130","D","800","D","","A","","A","","A","","A","","A","","A","","A","","A","","A","","A"
"20192","04009813","4","0","1","175","D","70","D","","A","","A","","A","","A","","A","","A","","A","","A","","A","","A"
"20192","04011673","8","0","1","235","D","500","D","","A","","A","","A","","A","","A","","A","","A","","A","","A","","A"
"20192","04012753","9","0","1","175","D","75","D","","A","","A","","A","","A","","A","","A","","A","","A","","A","","A"
"20192","04013673","2","0","1","140","D","400","D","","A","","A","","A","","A","","A","","A","","A","","A","","A","","A"
"20192","04013863","6","0","1","130","D","50","D","","A","","A","","A","","A","","A","","A","","A","","A","","A","","A"
"20192","04017143","13","0","1","200","D","300","D","","A","","A","","A","","A","","A","","A","","A","","A","","A","","A"
"20192","04027943","11","0","1","100","D","14000","D","","A","","A","","A","","A","","A","","A","","A","","A","","A","","A"
"20192","04030923","7","0","1","175","D","75","D","","A","","A","","A","","A","","A","","A","","A","","A","","A","","A"
"20192","04031223","14","0","1","130","D","90","D","","A","","A","","A","","A","","A","","A","","A","","A","","A","","A"
"20192","04032163","6","0","1","175","D","100","D","","A","","A","","A","","A","","A","","A","","A","","A","","A","","A"
"20192","04032633","5","0","1","","A","","A","1800","D","","A","","A","","A","","A","","A","","A","","A","","A","","A"
"20192","04034743","8","0","1","","A","","A","73","D","","A","","A","","A","","A","","A","","A","","A","","A","","A"
"20192","04036463","3","0","1","","A","","A","40","D","","A","","A","","A","","A","","A","","A","","A","","A","","A"
"20192","04036803","3","0","1","","A","","A","300","D","","A","","A","","A","","A","","A","","A","","A","","A","","A"
"20192","04037523","3","0","1","210","D","150","D","95","D","","A","","A","","A","","A","","A","","A","","A","","A","","A"
"20192","04037563","2","0","1","140","D","400","D","","A","","A","","A","","A","","A","","A","","A","","A","","A","","A"
"20192","04038053","16","0","1","","A","","A","298","D","","A","","A","","A","","A","","A","","A","","A","","A","","A"
"20192","04039623","1","0","1","300","D","28","D","","A","","A","","A","","A","","A","","A","","A","","A","","A","","A"
"20192","04039953","3","0","1","140","D","50","D","","A","","A","","A","","A","","A","","A","","A","","A","","A","","A"
"20192","04040873","3","0","1","270","D","3000","D","","A","","A","","A","","A","","A","","A","","A","","A","","A","","A"
"20192","04044543","11","0","1","160","D","200","D","","A","","A","","A","","A","","A","","A","","A","","A","","A","","A"
"20192","04046443","15","0","1","175","D","115","D","","A","","A","","A","","A","","A","","A","","A","","A","","A","","A"
"20192","04046573","7","0","1","175","D","192","D","20","D","","A","","A","","A","","A","","A","","A","","A","","A","","A"
"20192","04048303","8","0","1","","A","","A","50","D","","A","","A","","A","","A","","A","","A","","A","","A","","A"
"20192","04048633","3","0","1","190","D","100","D","","A","","A","","A","","A","","A","","A","","A","","A","","A","","A"
"20192","04069482","3","0","1","100","D","120","D","180","D","","A","","A","","A","","A","","A","","A","","A","","A","","A"
"20192","04070232","4","0","1","","A","","A","20","D","","A","","A","","A","","A","","A","","A","","A","","A","","A"
"20192","04071352","9","0","1","260","D","250","D","","A","","A","","A","","A","","A","","A","","A","","A","","A","","A"
"20192","04071382","1","0","1","175","D","200","D","","A","","A","","A","","A","","A","","A","","A","","A","","A","","A"
"20192","04071642","4","0","1","140","D","230","D","","A","","A","","A","","A","","A","","A","","A","","A","","A","","A"
"20192","04071992","9","0","1","","A","","A","22","D","","A","","A","","A","","A","","A","","A","","A","","A","","A"
"20192","04072222","5","0","1","300","D","250","D","","A","","A","","A","","A","","A","","A","","A","","A","","A","","A"
"20192","04072772","10","0","1","130","D","3000","D","1000","D","","A","","A","","A","","A","","A","","A","","A","","A","","A"
"20192","04073452","9","0","1","175","D","40","D","","A","","A","","A","","A","","A","","A","","A","","A","","A","","A"
"20192","04073642","6","0","1","130","D","70","D","","A","","A","","A","","A","","A","","A","","A","","A","","A","","A"
"20192","04074762","11","0","1","175","D","250","D","","A","","A","","A","","A","","A","","A","","A","","A","","A","","A"
"20192","04076072","12","0","1","","A","","A","27","D","","A","","A","","A","","A","","A","","A","","A","","A","","A"
"20192","04076282","13","0","1","140","D","1800","D","","A","","A","","A","","A","","A","","A","","A","","A","","A","","A"
"20192","04076352","3","0","1","130","D","170","D","","A","","A","","A","","A","","A","","A","","A","","A","","A","","A"
"20192","04076562","4","0","1","","A","","A","30","D","","A","","A","","A","","A","","A","","A","","A","","A","","A"
"20192","04077142","14","0","1","100","D","500","D","","A","","A","","A","","A","","A","","A","","A","","A","","A","","A"
"20192","04077412","3","0","1","300","D","1000","D","","A","","A","","A","","A","","A","","A","","A","","A","","A","","A"
"20192","04078612","8","0","1","130","D","100","D","","A","","A","","A","","A","","A","","A","","A","","A","","A","","A"
"20192","04090952","3","0","1","","A","","A","500","D","","A","","A","","A","","A","","A","","A","","A","","A","","A"
"20192","04091192","6","0","1","110","D","700","D","","A","","A","","A","","A","","A","","A","","A","","A","","A","","A"
"20192","04092342","28","0","1","","A","","A","25","D","","A","","A","","A","","A","","A","","A","","A","","A","","A"
"20192","04093452","15","0","1","140","D","100","D","","A","","A","","A","","A","","A","","A","","A","","A","","A","","A"
"20192","04093772","1","0","1","140","D","35","D","","A","","A","","A","","A","","A","","A","","A","","A","","A","","A"
"20192","04094042","4","0","1","235","D","150","D","","A","","A","","A","","A","","A","","A","","A","","A","","A","","A"
"20192","04094702","10","0","1","","A","","A","200","D","","A","","A","","A","","A","","A","","A","","A","","A","","A"
"20192","04094902","3","0","1","280","D","2100","D","","A","","A","","A","","A","","A","","A","","A","","A","","A","","A"
"20192","04095072","5","0","1","130","D","40","D","","A","","A","","A","","A","","A","","A","","A","","A","","A","","A"
"20192","04095312","4","0","1","300","D","600","D","","A","","A","","A","","A","","A","","A","","A","","A","","A","","A"
"20192","04095732","10","0","1","300","D","290","D","","A","","A","","A","","A","","A","","A","","A","","A","","A","","A"
"20192","04095952","10","0","1","110","D","30","D","","A","","A","","A","","A","","A","","A","","A","","A","","A","","A"
"20192","04095982","14","0","1","200","D","411","D","","A","","A","","A","","A","","A","","A","","A","","A","","A","","A"
"20192","04096782","4","0","1","130","D","700","D","","A","","A","","A","","A","","A","","A","","A","","A","","A","","A"
"20192","04096852","4","0","1","","A","","A","120","D","","A","","A","","A","","A","","A","","A","","A","","A","","A"
"20192","04097962","6","0","1","","A","","A","300","D","","A","","A","","A","","A","","A","","A","","A","","A","","A"
"20192","04098072","2","0","1","235","D","5200","D","","A","","A","","A","","A","","A","","A","","A","","A","","A","","A"
"20192","04098702","1","0","1","300","D","10","D","","A","","A","","A","","A","","A","","A","","A","","A","","A","","A"
"20192","04099602","1","0","1","140","D","247","D","180","D","","A","","A","","A","","A","","A","","A","","A","","A","","A"
"20192","04099842","8","0","1","175","D","26","D","","A","","A","","A","","A","","A","","A","","A","","A","","A","","A"
"20192","04101472","3","0","1","","A","","A","100","D","","A","","A","","A","","A","","A","","A","","A","","A","","A"
"20192","04103092","29","0","1","200","D","100","D","","A","","A","","A","","A","","A","","A","","A","","A","","A","","A"
"20192","04103752","8","0","1","","A","","A","300","D","","A","","A","","A","","A","","A","","A","","A","","A","","A"
"20192","04104032","7","0","1","200","D","150","D","","A","","A","","A","","A","","A","","A","","A","","A","","A","","A"
"20192","04105482","7","0","1","300","D","1574","D","","A","","A","","A","","A","","A","","A","","A","","A","","A","","A"
"20192","04107382","2","0","1","","A","","A","800","D","","A","","A","","A","","A","","A","","A","","A","","A","","A"
"20192","04107662","4","0","1","310","D","","H","","A","310","D","175","D","","A","","A","","A","","A","","A","","A","","A"
"20192","04107662","4","1","1","175","D","25","E","","A","","A","","A","","A","","A","","A","","A","","A","","A","","A"
"20192","04107662","4","2","1","300","D","20","E","","A","","A","","A","","A","","A","","A","","A","","A","","A","","A"
"20192","04108602","3","0","1","","A","","A","150","D","","A","","A","","A","","A","","A","","A","","A","","A","","A"
"20192","04109132","6","0","1","175","D","400","D","","A","","A","","A","","A","","A","","A","","A","","A","","A","","A"
"20192","04109222","16","0","1","175","D","90","D","","A","","A","","A","","A","","A","","A","","A","","A","","A","","A"
"20192","04110042","8","0","1","175","D","100","D","","A","","A","","A","","A","","A","","A","","A","","A","","A","","A"
"20192","04110722","10","0","1","140","D","120","D","","A","","A","","A","","A","","A","","A","","A","","A","","A","","A"
"20192","04110992","13","0","1","175","D","91","D","","A","","A","","A","","A","","A","","A","","A","","A","","A","","A"
"20192","04111322","5","0","1","","A","","A","60","D","","A","","A","","A","","A","","A","","A","","A","","A","","A"
"20192","04172881","2","0","1","","A","","A","60","D","","A","","A","","A","","A","","A","","A","","A","","A","","A"
"20192","04176001","4","0","1","300","D","280","D","","A","","A","","A","","A","","A","","A","","A","","A","","A","","A"
"20192","04176301","25","0","1","150","D","300","D","","A","","A","","A","","A","","A","","A","","A","","A","","A","","A"
"20192","04177451","9","0","1","120","D","500","D","","A","","A","","A","","A","","A","","A","","A","","A","","A","","A"
"20192","04178071","5","0","1","","A","","A","700","D","","A","","A","","A","","A","","A","","A","","A","","A","","A"
"20192","04178351","16","0","1","300","D","50","D","","A","","A","","A","","A","","A","","A","","A","","A","","A","","A"
"20192","04178871","5","0","1","130","D","200","D","","A","","A","","A","","A","","A","","A","","A","","A","","A","","A"
"20192","04178991","22","0","1","175","D","20","D","","A","","A","","A","","A","","A","","A","","A","","A","","A","","A"
"20192","04181101","6","0","1","","A","","A","100","D","","A","","A","","A","","A","","A","","A","","A","","A","","A"
"20192","04181591","3","0","1","260","D","150","D","","A","","A","","A","","A","","A","","A","","A","","A","","A","","A"
"20192","04182091","12","0","1","175","D","2000","D","","A","","A","","A","","A","","A","","A","","A","","A","","A","","A"
"20192","04182431","11","0","1","300","D","35","D","","A","","A","","A","","A","","A","","A","","A","","A","","A","","A"
"20192","04182531","10","0","1","210","D","19800","T","","A","","A","","A","","A","","A","","A","","A","","A","","A","","A"
"20192","04183121","2","0","1","310","D","","H","","A","300","D","150","D","","A","","A","","A","","A","","A","","A","","A"
"20192","04183121","2","1","1","300","D","3000","E","","A","","A","","A","","A","","A","","A","","A","","A","","A","","A"
"20192","04183361","7","0","1","","A","","A","102","D","","A","","A","","A","","A","","A","","A","","A","","A","","A"
"20192","04183581","6","0","1","","A","","A","4000","D","","A","","A","","A","","A","","A","","A","","A","","A","","A"
"20192","04184001","3","0","1","300","D","800","D","","A","","A","","A","","A","","A","","A","","A","","A","","A","","A"
"20192","04184681","2","0","1","300","D","250","D","","A","","A","","A","","A","","A","","A","","A","","A","","A","","A"
"20192","04185281","5","0","1","175","D","300","D","","A","","A","","A","","A","","A","","A","","A","","A","","A","","A"
"20192","04186471","1","0","1","","A","","A","1800","D","","A","","A","","A","","A","","A","","A","","A","","A","","A"
"20192","04186571","10","0","1","310","D","","H","","A","175","D","235","D","","A","","A","","A","","A","","A","","A","","A"
"20192","04186571","10","1","1","175","D","143","E","","A","","A","","A","","A","","A","","A","","A","","A","","A","","A"
"20192","04186571","10","2","1","235","D","214","E","","A","","A","","A","","A","","A","","A","","A","","A","","A","","A"
"20192","04187081","9","0","1","300","D","1200","D","","A","","A","","A","","A","","A","","A","","A","","A","","A","","A"
"20192","04187091","1","0","1","130","D","250","D","","A","","A","","A","","A","","A","","A","","A","","A","","A","","A"
"20192","04187581","7","0","1","130","D","49","D","","A","","A","","A","","A","","A","","A","","A","","A","","A","","A"
"20192","04187681","11","0","1","","A","","A","57","D","","A","","A","","A","","A","","A","","A","","A","","A","","A"
"20192","04188051","9","0","1","","A","","A","150","D","","A","","A","","A","","A","","A","","A","","A","","A","","A"
"20192","04189171","3","0","1","","A","","A","60","F","","A","","A","","A","","A","","A","","A","","A","","A","","A"
"20192","04190452","5","0","1","235","D","50","D","","A","","A","","A","","A","","A","","A","","A","","A","","A","","A"
"20192","04190731","8","0","1","140","D","100","D","","A","","A","","A","","A","","A","","A","","A","","A","","A","","A"
"20192","04190771","16","0","1","140","D","5","D","","A","","A","","A","","A","","A","","A","","A","","A","","A","","A"
"20192","04190921","2","0","1","300","D","160","D","","A","","A","","A","","A","","A","","A","","A","","A","","A","","A"
"20192","04191311","3","0","1","140","D","150","D","","A","","A","","A","","A","","A","","A","","A","","A","","A","","A"
"20192","04192233","16","0","1","","A","","A","30","D","","A","","A","","A","","A","","A","","A","","A","","A","","A"
"20192","04192531","6","0","1","300","D","60","D","","A","","A","","A","","A","","A","","A","","A","","A","","A","","A"
"20192","04192731","13","0","1","200","D","200","D","","A","","A","","A","","A","","A","","A","","A","","A","","A","","A"
"20192","04192901","11","0","1","300","D","300","D","","A","","A","","A","","A","","A","","A","","A","","A","","A","","A"
"20192","04193271","5","0","1","300","D","89","D","250","D","","A","","A","","A","","A","","A","","A","","A","","A","","A"
"20192","04193511","8","0","1","300","D","106","D","","A","","A","","A","","A","","A","","A","","A","","A","","A","","A"
"20192","04194521","16","0","1","175","D","275","D","600","D","","A","","A","","A","","A","","A","","A","","A","","A","","A"
"20192","04194851","5","0","1","140","D","60","D","","A","","A","","A","","A","","A","","A","","A","","A","","A","","A"
"20192","04195031","6","0","1","150","D","400","D","","A","","A","","A","","A","","A","","A","","A","","A","","A","","A"
"20192","04196091","3","0","1","235","D","600","F","","A","","A","","A","","A","","A","","A","","A","","A","","A","","A"
"20192","04197771","15","0","1","","A","","A","50","D","","A","","A","","A","","A","","A","","A","","A","","A","","A"
"20192","04198691","6","0","1","175","D","300","D","","A","","A","","A","","A","","A","","A","","A","","A","","A","","A"
"20192","04199411","15","0","1","","A","","A","400","D","","A","","A","","A","","A","","A","","A","","A","","A","","A"
"20192","04199831","3","0","1","300","D","250","D","","A","","A","","A","","A","","A","","A","","A","","A","","A","","A"
"20192","04200261","13","0","1","140","D","3000","D","","A","","A","","A","","A","","A","","A","","A","","A","","A","","A"
"20192","04200341","21","0","1","175","D","250","D","","A","","A","","A","","A","","A","","A","","A","","A","","A","","A"
"20192","04202341","8","0","1","300","D","500","D","","A","","A","","A","","A","","A","","A","","A","","A","","A","","A"
"20192","04204241","10","0","1","310","D","","H","300","D","175","D","150","D","","A","","A","","A","","A","","A","","A","","A"
"20192","04204241","10","1","1","175","D","2500","E","","A","","A","","A","","A","","A","","A","","A","","A","","A","","A"
"20193","04007124","9","0","1","","A","","A","400","D","","A","","A","","A","","A","","A","","A","","A","","A","","A"
"20193","04008364","15","0","1","300","D","250","D","","A","","A","","A","","A","","A","","A","","A","","A","","A","","A"
"20193","04008924","9","0","1","210","D","133","D","","A","","A","","A","","A","","A","","A","","A","","A","","A","","A"
"20193","04009534","5","0","1","300","D","200","D","","A","","A","","A","","A","","A","","A","","A","","A","","A","","A"
"20193","04009894","8","0","1","","A","","A","1305","D","","A","","A","","A","","A","","A","","A","","A","","A","","A"
"20193","04010084","5","0","1","","A","","A","20","D","","A","","A","","A","","A","","A","","A","","A","","A","","A"
"20193","04012474","4","0","1","300","D","600","D","","A","","A","","A","","A","","A","","A","","A","","A","","A","","A"
"20193","04012684","4","0","1","","A","","A","50","D","","A","","A","","A","","A","","A","","A","","A","","A","","A"
"20193","04013524","5","0","1","","A","","A","450","D","","A","","A","","A","","A","","A","","A","","A","","A","","A"
"20193","04014454","2","0","1","300","D","210","D","","A","","A","","A","","A","","A","","A","","A","","A","","A","","A"
"20193","04015604","8","0","1","","A","","A","22","D","","A","","A","","A","","A","","A","","A","","A","","A","","A"
"20193","04017034","7","0","1","210","D","25","D","","A","","A","","A","","A","","A","","A","","A","","A","","A","","A"
"20193","04017344","4","0","1","","A","","A","250","D","","A","","A","","A","","A","","A","","A","","A","","A","","A"
"20193","04028024","14","0","1","175","D","60","D","","A","","A","","A","","A","","A","","A","","A","","A","","A","","A"
"20193","04030614","13","0","1","","A","","A","100","D","","A","","A","","A","","A","","A","","A","","A","","A","","A"
"20193","04031174","7","0","1","160","D","700","D","","A","","A","","A","","A","","A","","A","","A","","A","","A","","A"
"20193","04032634","13","0","1","300","D","84","D","","A","","A","","A","","A","","A","","A","","A","","A","","A","","A"
"20193","04032654","4","0","1","130","D","73","D","50","D","","A","","A","","A","","A","","A","","A","","A","","A","","A"
"20193","04036484","11","0","1","300","D","68","D","","A","","A","","A","","A","","A","","A","","A","","A","","A","","A"
"20193","04036634","7","0","1","300","D","170","D","21","D","","A","","A","","A","","A","","A","","A","","A","","A","","A"
"20193","04036704","4","0","1","150","D","520","D","600","D","","A","","A","","A","","A","","A","","A","","A","","A","","A"
"20193","04037044","6","0","1","130","D","19800","T","","A","","A","","A","","A","","A","","A","","A","","A","","A","","A"
"20193","04038724","13","0","1","235","D","300","D","","A","","A","","A","","A","","A","","A","","A","","A","","A","","A"
"20193","04039114","31","0","1","140","D","35","D","","A","","A","","A","","A","","A","","A","","A","","A","","A","","A"
"20193","04039244","12","0","1","","A","","A","200","D","","A","","A","","A","","A","","A","","A","","A","","A","","A"
"20193","04040544","13","0","1","130","D","9000","D","","A","","A","","A","","A","","A","","A","","A","","A","","A","","A"
"20193","04040634","2","0","1","130","D","1900","D","","A","","A","","A","","A","","A","","A","","A","","A","","A","","A"
"20193","04041144","8","0","1","","A","","A","40","D","","A","","A","","A","","A","","A","","A","","A","","A","","A"
"20193","04046044","3","0","1","300","D","2607","D","","A","","A","","A","","A","","A","","A","","A","","A","","A","","A"
"20193","04046384","3","0","1","300","D","54","D","","A","","A","","A","","A","","A","","A","","A","","A","","A","","A"
"20193","04046574","2","0","1","130","D","620","D","","A","","A","","A","","A","","A","","A","","A","","A","","A","","A"
"20193","04047514","5","0","1","130","D","95","D","","A","","A","","A","","A","","A","","A","","A","","A","","A","","A"
"20193","04048394","2","0","1","130","D","263","D","","A","","A","","A","","A","","A","","A","","A","","A","","A","","A"
"20193","04048414","12","0","1","140","D","1200","D","","A","","A","","A","","A","","A","","A","","A","","A","","A","","A"
"20193","04069613","3","0","1","270","D","400","D","","A","","A","","A","","A","","A","","A","","A","","A","","A","","A"
"20193","04070213","2","0","1","","A","","A","250","D","","A","","A","","A","","A","","A","","A","","A","","A","","A"
"20193","04070543","4","0","1","110","D","400","D","","A","","A","","A","","A","","A","","A","","A","","A","","A","","A"
"20193","04071383","4","0","1","","A","","A","30","D","","A","","A","","A","","A","","A","","A","","A","","A","","A"
"20193","04071413","7","0","1","130","D","300","D","","A","","A","","A","","A","","A","","A","","A","","A","","A","","A"
"20193","04071643","4","0","1","140","D","200","D","","A","","A","","A","","A","","A","","A","","A","","A","","A","","A"
"20193","04072773","7","0","1","235","D","700","D","","A","","A","","A","","A","","A","","A","","A","","A","","A","","A"
"20193","04073453","9","0","1","200","D","123","D","","A","","A","","A","","A","","A","","A","","A","","A","","A","","A"
"20193","04074683","5","0","1","","A","","A","100","D","","A","","A","","A","","A","","A","","A","","A","","A","","A"
"20193","04074763","6","0","1","175","D","50","D","","A","","A","","A","","A","","A","","A","","A","","A","","A","","A"
"20193","04074773","7","0","1","175","D","100","D","","A","","A","","A","","A","","A","","A","","A","","A","","A","","A"
"20193","04075343","5","0","1","200","D","175","D","","A","","A","","A","","A","","A","","A","","A","","A","","A","","A"
"20193","04075563","2","0","1","","A","","A","400","D","","A","","A","","A","","A","","A","","A","","A","","A","","A"
"20193","04076983","2","0","1","175","D","120","D","","A","","A","","A","","A","","A","","A","","A","","A","","A","","A"
"20193","04077143","11","0","1","280","D","248","D","","A","","A","","A","","A","","A","","A","","A","","A","","A","","A"
"20193","04079053","8","0","1","","A","","A","1700","D","","A","","A","","A","","A","","A","","A","","A","","A","","A"
"20193","04079743","3","0","1","","A","","A","151","D","","A","","A","","A","","A","","A","","A","","A","","A","","A"
"20193","04091323","2","0","1","","A","","A","30","D","","A","","A","","A","","A","","A","","A","","A","","A","","A"
"20193","04091833","1","0","1","175","D","289","D","","A","","A","","A","","A","","A","","A","","A","","A","","A","","A"
"20193","04093263","8","0","1","140","D","100","D","","A","","A","","A","","A","","A","","A","","A","","A","","A","","A"
"20193","04095343","13","0","1","210","D","30","D","","A","","A","","A","","A","","A","","A","","A","","A","","A","","A"
"20193","04095673","7","0","1","","A","","A","500","D","","A","","A","","A","","A","","A","","A","","A","","A","","A"
"20193","04095953","6","0","1","300","D","80","D","50","D","","A","","A","","A","","A","","A","","A","","A","","A","","A"
"20193","04096783","4","0","1","300","D","280","D","","A","","A","","A","","A","","A","","A","","A","","A","","A","","A"
"20193","04096803","14","0","1","200","D","40","D","","A","","A","","A","","A","","A","","A","","A","","A","","A","","A"
"20193","04097963","6","0","1","","A","","A","200","D","","A","","A","","A","","A","","A","","A","","A","","A","","A"
"20193","04098923","3","0","1","175","D","2500","D","","A","","A","","A","","A","","A","","A","","A","","A","","A","","A"
"20193","04099683","5","0","1","140","D","100","D","","A","","A","","A","","A","","A","","A","","A","","A","","A","","A"
"20193","04101403","8","0","1","","A","","A","65","D","","A","","A","","A","","A","","A","","A","","A","","A","","A"
"20193","04102003","5","0","1","175","D","15","D","","A","","A","","A","","A","","A","","A","","A","","A","","A","","A"
"20193","04102473","4","0","1","","A","","A","420","D","","A","","A","","A","","A","","A","","A","","A","","A","","A"
"20193","04103343","1","0","1","100","D","1670","D","50000","D","","A","","A","","A","","A","","A","","A","","A","","A","","A"
"20193","04103753","18","0","1","130","D","2500","D","300","D","","A","","A","","A","","A","","A","","A","","A","","A","","A"
"20193","04104183","8","0","1","175","D","40","D","","A","","A","","A","","A","","A","","A","","A","","A","","A","","A"
"20193","04105273","6","0","1","300","D","50","D","","A","","A","","A","","A","","A","","A","","A","","A","","A","","A"
"20193","04110213","5","0","1","300","D","120","D","","A","","A","","A","","A","","A","","A","","A","","A","","A","","A"
"20193","04110443","4","0","1","","A","","A","300","D","","A","","A","","A","","A","","A","","A","","A","","A","","A"
"20193","04111003","26","0","1","160","D","250","D","","A","","A","","A","","A","","A","","A","","A","","A","","A","","A"
"20193","04172962","5","0","1","","A","","A","400","D","","A","","A","","A","","A","","A","","A","","A","","A","","A"
"20193","04173772","4","0","1","160","D","200","D","","A","","A","","A","","A","","A","","A","","A","","A","","A","","A"
"20193","04174892","5","0","1","140","D","600","D","","A","","A","","A","","A","","A","","A","","A","","A","","A","","A"
"20193","04176312","8","0","1","","A","","A","250","D","","A","","A","","A","","A","","A","","A","","A","","A","","A"
"20193","04176643","11","0","1","130","D","900","D","","A","","A","","A","","A","","A","","A","","A","","A","","A","","A"
"20193","04178352","9","0","1","130","D","180","D","","A","","A","","A","","A","","A","","A","","A","","A","","A","","A"
"20193","04179202","6","0","1","235","D","1200","D","","A","","A","","A","","A","","A","","A","","A","","A","","A","","A"
"20193","04179812","10","0","1","175","D","25","D","","A","","A","","A","","A","","A","","A","","A","","A","","A","","A"
"20193","04180822","12","0","1","235","D","4212","D","","A","","A","","A","","A","","A","","A","","A","","A","","A","","A"
"20193","04181592","3","0","1","200","D","2000","D","1500","D","","A","","A","","A","","A","","A","","A","","A","","A","","A"
"20193","04181702","9","0","1","300","D","840","D","","A","","A","","A","","A","","A","","A","","A","","A","","A","","A"
"20193","04183362","18","0","1","","A","","A","56","D","","A","","A","","A","","A","","A","","A","","A","","A","","A"
"20193","04184012","23","0","1","280","D","3500","D","","A","","A","","A","","A","","A","","A","","A","","A","","A","","A"
"20193","04184662","3","0","1","220","D","135","D","","A","","A","","A","","A","","A","","A","","A","","A","","A","","A"
"20193","04184942","11","0","1","310","D","","H","","A","310","D","240","D","","A","","A","","A","","A","","A","","A","","A"
"20193","04184942","11","1","1","140","D","55","E","","A","","A","","A","","A","","A","","A","","A","","A","","A","","A"
"20193","04184942","11","2","1","210","D","96","E","","A","","A","","A","","A","","A","","A","","A","","A","","A","","A"
"20193","04185492","8","0","1","300","D","100","F","","A","","A","","A","","A","","A","","A","","A","","A","","A","","A"
"20193","04187972","14","0","1","310","D","","H","","A","300","D","140","D","","A","","A","","A","","A","","A","","A","","A"
"20193","04187972","14","1","1","300","D","87","E","","A","","A","","A","","A","","A","","A","","A","","A","","A","","A"
"20193","04187972","14","2","1","140","D","103","E","","A","","A","","A","","A","","A","","A","","A","","A","","A","","A"
"20193","04188062","8","0","1","235","D","80","D","","A","","A","","A","","A","","A","","A","","A","","A","","A","","A"
"20193","04188342","9","0","1","130","D","300","D","","A","","A","","A","","A","","A","","A","","A","","A","","A","","A"
"20193","04188512","12","0","1","210","D","50","D","","A","","A","","A","","A","","A","","A","","A","","A","","A","","A"
"20193","04189062","3","0","1","","A","","A","15","D","","A","","A","","A","","A","","A","","A","","A","","A","","A"
"20193","04189744","8","0","1","110","D","1500","D","","A","","A","","A","","A","","A","","A","","A","","A","","A","","A"
"20193","04190072","3","0","1","","A","","A","1350","D","","A","","A","","A","","A","","A","","A","","A","","A","","A"
"20193","04190723","7","0","1","130","D","450","D","","A","","A","","A","","A","","A","","A","","A","","A","","A","","A"
"20193","04191152","43","0","1","175","D","145","D","","A","","A","","A","","A","","A","","A","","A","","A","","A","","A"
"20193","04192242","6","0","1","","A","","A","100","D","","A","","A","","A","","A","","A","","A","","A","","A","","A"
"20193","04193242","12","0","1","235","D","4100","D","","A","","A","","A","","A","","A","","A","","A","","A","","A","","A"
"20193","04193712","3","0","1","300","D","300","D","","A","","A","","A","","A","","A","","A","","A","","A","","A","","A"
"20193","04194612","4","0","1","300","D","2607","F","","A","","A","","A","","A","","A","","A","","A","","A","","A","","A"
"20193","04195022","6","0","1","175","D","32","D","","A","","A","","A","","A","","A","","A","","A","","A","","A","","A"
"20193","04195792","12","0","1","175","D","60","D","","A","","A","","A","","A","","A","","A","","A","","A","","A","","A"
"20193","04197772","15","0","1","","A","","A","30","D","","A","","A","","A","","A","","A","","A","","A","","A","","A"
"20193","04198252","9","0","1","235","D","700","D","","A","","A","","A","","A","","A","","A","","A","","A","","A","","A"
"20193","04199762","5","0","1","300","D","1450","D","","A","","A","","A","","A","","A","","A","","A","","A","","A","","A"
"20193","04201892","8","0","1","140","D","50","D","","A","","A","","A","","A","","A","","A","","A","","A","","A","","A"
"20193","04204542","2","0","1","","A","","A","75","D","","A","","A","","A","","A","","A","","A","","A","","A","","A"
"20193","04215151","4","0","1","300","D","50","D","","A","","A","","A","","A","","A","","A","","A","","A","","A","","A"
"20193","04215161","7","0","1","175","D","500","D","","A","","A","","A","","A","","A","","A","","A","","A","","A","","A"
"20193","04215171","30","0","1","300","D","100","D","","A","","A","","A","","A","","A","","A","","A","","A","","A","","A"
"20193","04215481","4","0","1","300","D","200","D","","A","","A","","A","","A","","A","","A","","A","","A","","A","","A"
"20193","04216071","4","0","1","160","D","300","D","","A","","A","","A","","A","","A","","A","","A","","A","","A","","A"
"20193","04216501","6","0","1","310","D","","H","","A","310","D","300","D","","A","","A","","A","","A","","A","","A","","A"
"20193","04216501","6","1","1","175","D","50","E","","A","","A","","A","","A","","A","","A","","A","","A","","A","","A"
"20193","04216581","2","0","1","","A","","A","10","D","","A","","A","","A","","A","","A","","A","","A","","A","","A"
"20193","04216861","5","0","1","150","D","60","D","","A","","A","","A","","A","","A","","A","","A","","A","","A","","A"
"20193","04217071","10","0","1","","A","","A","300","D","","A","","A","","A","","A","","A","","A","","A","","A","","A"
"20193","04218221","8","0","1","130","D","500","D","","A","","A","","A","","A","","A","","A","","A","","A","","A","","A"
"20193","04218511","2","0","1","160","D","650","D","","A","","A","","A","","A","","A","","A","","A","","A","","A","","A"
"20193","04218941","5","0","1","140","D","300","D","","A","","A","","A","","A","","A","","A","","A","","A","","A","","A"
"20193","04219561","3","0","1","","A","","A","40","D","","A","","A","","A","","A","","A","","A","","A","","A","","A"
"20193","04219831","3","0","1","160","D","1200","D","","A","","A","","A","","A","","A","","A","","A","","A","","A","","A"
"20193","04220781","5","0","1","210","D","61","D","150","D","","A","","A","","A","","A","","A","","A","","A","","A","","A"
"20193","04222481","7","0","1","130","D","12000","D","","A","","A","","A","","A","","A","","A","","A","","A","","A","","A"
"20193","04223131","5","0","1","300","D","80","D","","A","","A","","A","","A","","A","","A","","A","","A","","A","","A"
"20193","04223381","21","0","1","310","D","","H","","A","310","D","300","D","","A","","A","","A","","A","","A","","A","","A"
"20193","04223381","21","1","1","300","D","10","E","","A","","A","","A","","A","","A","","A","","A","","A","","A","","A"
"20193","04224481","2","0","1","175","D","40","D","","A","","A","","A","","A","","A","","A","","A","","A","","A","","A"
"20193","04224641","3","0","1","290","D","150","D","","A","","A","","A","","A","","A","","A","","A","","A","","A","","A"
"20193","04224921","3","0","1","100","D","189","D","","A","","A","","A","","A","","A","","A","","A","","A","","A","","A"
"20193","04225061","5","0","1","300","D","400","F","","A","","A","","A","","A","","A","","A","","A","","A","","A","","A"
"20193","04225551","5","0","1","130","D","100","D","","A","","A","","A","","A","","A","","A","","A","","A","","A","","A"
"20193","04226221","7","0","1","","A","","A","100","D","","A","","A","","A","","A","","A","","A","","A","","A","","A"
"20193","04227721","9","0","1","160","D","120","D","","A","","A","","A","","A","","A","","A","","A","","A","","A","","A"
"20193","04228771","5","0","1","175","D","200","D","","A","","A","","A","","A","","A","","A","","A","","A","","A","","A"
"20193","04228821","4","0","1","","A","","A","160","D","","A","","A","","A","","A","","A","","A","","A","","A","","A"
"20193","04229771","6","0","1","310","D","","H","","A","200","D","235","D","175","D","","A","","A","","A","","A","","A","","A"
"20193","04229771","6","1","1","200","D","19","E","","A","","A","","A","","A","","A","","A","","A","","A","","A","","A"
"20193","04229771","6","2","1","235","D","76","E","","A","","A","","A","","A","","A","","A","","A","","A","","A","","A"
"20193","04229771","6","3","1","175","D","5","E","","A","","A","","A","","A","","A","","A","","A","","A","","A","","A"
"20193","04230111","1","0","1","220","D","2500","D","","A","","A","","A","","A","","A","","A","","A","","A","","A","","A"
"20193","04230181","4","0","1","","A","","A","200","D","","A","","A","","A","","A","","A","","A","","A","","A","","A"
"20193","04230231","4","0","1","300","D","400","D","","A","","A","","A","","A","","A","","A","","A","","A","","A","","A"
"20193","04231231","7","0","1","","A","","A","60","D","","A","","A","","A","","A","","A","","A","","A","","A","","A"
"20193","04232131","11","0","1","130","D","400","D","","A","","A","","A","","A","","A","","A","","A","","A","","A","","A"
"20193","04232751","12","0","1","300","D","500","D","","A","","A","","A","","A","","A","","A","","A","","A","","A","","A"
"20193","04232801","7","0","1","100","D","1670","F","1700","F","","A","","A","","A","","A","","A","","A","","A","","A","","A"
"20193","04233101","9","0","1","175","D","60","D","100","D","","A","","A","","A","","A","","A","","A","","A","","A","","A"
"20193","04235531","11","0","1","130","D","2000","D","","A","","A","","A","","A","","A","","A","","A","","A","","A","","A"
"20193","04235881","13","0","1","175","D","1500","D","","A","","A","","A","","A","","A","","A","","A","","A","","A","","A"
"20193","04237291","6","0","1","","A","","A","49","D","","A","","A","","A","","A","","A","","A","","A","","A","","A"
"20193","04237641","8","0","1","140","D","400","D","","A","","A","","A","","A","","A","","A","","A","","A","","A","","A"
"20193","04237721","21","0","1","","A","","A","10","D","","A","","A","","A","","A","","A","","A","","A","","A","","A"
"20193","04237911","14","0","1","150","D","1500","D","","A","","A","","A","","A","","A","","A","","A","","A","","A","","A"
"20193","04239281","4","0","1","","A","","A","750","D","","A","","A","","A","","A","","A","","A","","A","","A","","A"
"20193","04239761","13","0","1","300","D","400","D","","A","","A","","A","","A","","A","","A","","A","","A","","A","","A"
"20193","04240961","7","0","1","140","D","300","D","","A","","A","","A","","A","","A","","A","","A","","A","","A","","A"
"20193","04242301","4","0","1","","A","","A","46","D","","A","","A","","A","","A","","A","","A","","A","","A","","A"
"20193","04242421","8","0","1","130","D","800","D","","A","","A","","A","","A","","A","","A","","A","","A","","A","","A"
"20193","04242464","7","0","1","300","D","200","D","","A","","A","","A","","A","","A","","A","","A","","A","","A","","A"
"20193","04242561","5","0","1","300","D","66","D","","A","","A","","A","","A","","A","","A","","A","","A","","A","","A"
"20193","04243001","2","0","1","","A","","A","12","D","","A","","A","","A","","A","","A","","A","","A","","A","","A"
"20193","04243181","5","0","1","300","D","200","D","","A","","A","","A","","A","","A","","A","","A","","A","","A","","A"
"20193","04243351","9","0","1","235","D","1500","D","","A","","A","","A","","A","","A","","A","","A","","A","","A","","A"
"20193","04243883","3","0","1","","A","","A","100","D","","A","","A","","A","","A","","A","","A","","A","","A","","A"
"20193","04244461","7","0","1","","A","","A","50","D","","A","","A","","A","","A","","A","","A","","A","","A","","A"
"20193","04245101","3","0","1","","A","","A","300","D","","A","","A","","A","","A","","A","","A","","A","","A","","A"
"20193","04245421","6","0","1","310","D","","H","","A","190","D","175","D","","A","","A","","A","","A","","A","","A","","A"
"20193","04245421","6","1","1","175","D","250","E","","A","","A","","A","","A","","A","","A","","A","","A","","A","","A"
"20193","04245691","7","0","1","175","D","20","D","","A","","A","","A","","A","","A","","A","","A","","A","","A","","A"
"20193","04246301","11","0","1","","A","","A","27","D","","A","","A","","A","","A","","A","","A","","A","","A","","A"
"20194","04069924","11","0","1","","A","","A","50","D","","A","","A","","A","","A","","A","","A","","A","","A","","A"
"20194","04071334","7","0","1","280","D","100","D","80","D","","A","","A","","A","","A","","A","","A","","A","","A","","A"
"20194","04071414","4","0","1","130","D","1200","D","","A","","A","","A","","A","","A","","A","","A","","A","","A","","A"
"20194","04071644","3","0","1","140","D","100","D","","A","","A","","A","","A","","A","","A","","A","","A","","A","","A"
"20194","04072444","7","0","1","","A","","A","600","D","","A","","A","","A","","A","","A","","A","","A","","A","","A"
"20194","04072584","4","0","1","260","D","1200","D","","A","","A","","A","","A","","A","","A","","A","","A","","A","","A"
"20194","04074614","5","0","1","200","D","50","D","","A","","A","","A","","A","","A","","A","","A","","A","","A","","A"
"20194","04075304","2","0","1","","A","","A","150","D","","A","","A","","A","","A","","A","","A","","A","","A","","A"
"20194","04075994","12","0","1","140","D","150","D","","A","","A","","A","","A","","A","","A","","A","","A","","A","","A"
"20194","04076034","11","0","1","","A","","A","390","D","","A","","A","","A","","A","","A","","A","","A","","A","","A"
"20194","04076354","1","0","1","110","D","180","D","","A","","A","","A","","A","","A","","A","","A","","A","","A","","A"
"20194","04077644","2","0","1","","A","","A","120","D","","A","","A","","A","","A","","A","","A","","A","","A","","A"
"20194","04078604","10","0","1","130","D","19800","T","","A","","A","","A","","A","","A","","A","","A","","A","","A","","A"
"20194","04079114","11","0","1","310","D","","H","","A","175","D","260","D","270","D","300","D","160","D","","A","","A","","A","","A"
"20194","04079114","11","1","1","175","D","91","E","","A","","A","","A","","A","","A","","A","","A","","A","","A","","A"
"20194","04079114","11","2","1","260","D","909","E","","A","","A","","A","","A","","A","","A","","A","","A","","A","","A"
"20194","04091704","1","0","1","","A","","A","57","D","","A","","A","","A","","A","","A","","A","","A","","A","","A"
"20194","04093884","3","0","1","310","D","","H","","A","190","D","175","D","","A","","A","","A","","A","","A","","A","","A"
"20194","04093884","3","1","1","190","D","424","E","","A","","A","","A","","A","","A","","A","","A","","A","","A","","A"
"20194","04093884","3","2","1","175","D","3176","E","","A","","A","","A","","A","","A","","A","","A","","A","","A","","A"
"20194","04095344","15","0","1","210","D","37","D","26","D","","A","","A","","A","","A","","A","","A","","A","","A","","A"
"20194","04095954","7","0","1","200","D","150","D","","A","","A","","A","","A","","A","","A","","A","","A","","A","","A"
"20194","04096274","7","0","1","175","D","300","D","","A","","A","","A","","A","","A","","A","","A","","A","","A","","A"
"20194","04096524","2","0","1","","A","","A","10","D","","A","","A","","A","","A","","A","","A","","A","","A","","A"
"20194","04099844","5","0","1","175","D","100","D","","A","","A","","A","","A","","A","","A","","A","","A","","A","","A"
"20194","04099874","2","0","1","175","D","2031","D","","A","","A","","A","","A","","A","","A","","A","","A","","A","","A"
"20194","04103344","2","0","1","100","D","630","F","600","F","","A","","A","","A","","A","","A","","A","","A","","A","","A"
"20194","04105714","4","0","1","","A","","A","100","D","","A","","A","","A","","A","","A","","A","","A","","A","","A"
"20194","04106834","9","0","1","130","D","285","D","","A","","A","","A","","A","","A","","A","","A","","A","","A","","A"
"20194","04106904","31","0","1","120","D","1338","D","","A","","A","","A","","A","","A","","A","","A","","A","","A","","A"
"20194","04108174","5","0","1","200","D","200","D","","A","","A","","A","","A","","A","","A","","A","","A","","A","","A"
"20194","04109134","5","0","1","210","D","70","D","","A","","A","","A","","A","","A","","A","","A","","A","","A","","A"
"20194","04111004","20","0","1","100","D","630","D","","A","","A","","A","","A","","A","","A","","A","","A","","A","","A"
"20194","04173103","10","0","1","","A","","A","200","D","","A","","A","","A","","A","","A","","A","","A","","A","","A"
"20194","04173573","10","0","1","300","D","250","D","","A","","A","","A","","A","","A","","A","","A","","A","","A","","A"
"20194","04173773","4","0","1","300","D","2400","D","","A","","A","","A","","A","","A","","A","","A","","A","","A","","A"
"20194","04174893","20","0","1","175","D","120","D","","A","","A","","A","","A","","A","","A","","A","","A","","A","","A"
"20194","04175003","8","0","1","","A","","A","40","D","","A","","A","","A","","A","","A","","A","","A","","A","","A"
"20194","04175803","14","0","1","175","D","100","D","","A","","A","","A","","A","","A","","A","","A","","A","","A","","A"
"20194","04176033","5","0","1","175","D","100","D","","A","","A","","A","","A","","A","","A","","A","","A","","A","","A"
"20194","04176303","8","0","1","","A","","A","100","D","","A","","A","","A","","A","","A","","A","","A","","A","","A"
"20194","04176533","18","0","1","300","D","400","D","","A","","A","","A","","A","","A","","A","","A","","A","","A","","A"
"20194","04179203","10","0","1","175","D","600","D","","A","","A","","A","","A","","A","","A","","A","","A","","A","","A"
"20194","04179823","5","0","1","","A","","A","100","D","","A","","A","","A","","A","","A","","A","","A","","A","","A"
"20194","04180273","3","0","1","220","D","130","D","","A","","A","","A","","A","","A","","A","","A","","A","","A","","A"
"20194","04180433","7","0","1","","A","","A","25","D","","A","","A","","A","","A","","A","","A","","A","","A","","A"
"20194","04181593","8","0","1","","A","","A","500","D","","A","","A","","A","","A","","A","","A","","A","","A","","A"
"20194","04181753","1","0","1","130","D","140","D","80","D","","A","","A","","A","","A","","A","","A","","A","","A","","A"
"20194","04183543","8","0","1","130","D","20","D","","A","","A","","A","","A","","A","","A","","A","","A","","A","","A"
"20194","04184013","14","0","1","280","D","4750","D","","A","","A","","A","","A","","A","","A","","A","","A","","A","","A"
"20194","04186253","9","0","1","130","D","425","D","","A","","A","","A","","A","","A","","A","","A","","A","","A","","A"
"20194","04186573","13","0","1","175","D","120","D","","A","","A","","A","","A","","A","","A","","A","","A","","A","","A"
"20194","04187323","11","0","1","175","D","400","D","","A","","A","","A","","A","","A","","A","","A","","A","","A","","A"
"20194","04187873","5","0","1","270","D","350","D","","A","","A","","A","","A","","A","","A","","A","","A","","A","","A"
"20194","04189893","6","0","1","300","D","450","D","","A","","A","","A","","A","","A","","A","","A","","A","","A","","A"
"20194","04190073","6","0","1","","A","","A","450","D","","A","","A","","A","","A","","A","","A","","A","","A","","A"
"20194","04190724","13","0","1","130","D","200","D","","A","","A","","A","","A","","A","","A","","A","","A","","A","","A"
"20194","04191153","28","0","1","310","D","","H","","A","175","D","290","D","","A","","A","","A","","A","","A","","A","","A"
"20194","04191153","28","1","1","175","D","50","E","","A","","A","","A","","A","","A","","A","","A","","A","","A","","A"
"20194","04192473","1","0","1","210","D","50","D","","A","","A","","A","","A","","A","","A","","A","","A","","A","","A"
"20194","04194763","5","0","1","190","D","100","D","","A","","A","","A","","A","","A","","A","","A","","A","","A","","A"
"20194","04195023","9","0","1","200","D","42","D","","A","","A","","A","","A","","A","","A","","A","","A","","A","","A"
"20194","04195793","12","0","1","110","D","19800","T","","A","","A","","A","","A","","A","","A","","A","","A","","A","","A"
"20194","04196513","5","0","1","220","D","50","D","","A","","A","","A","","A","","A","","A","","A","","A","","A","","A"
"20194","04198123","9","0","1","130","D","650","D","","A","","A","","A","","A","","A","","A","","A","","A","","A","","A"
"20194","04199763","4","0","1","175","D","235","D","","A","","A","","A","","A","","A","","A","","A","","A","","A","","A"
"20194","04200533","1","0","1","","A","","A","180","D","","A","","A","","A","","A","","A","","A","","A","","A","","A"
"20194","04202343","5","0","1","300","D","100","D","","A","","A","","A","","A","","A","","A","","A","","A","","A","","A"
"20194","04202373","3","0","1","175","D","100","D","","A","","A","","A","","A","","A","","A","","A","","A","","A","","A"
"20194","04202823","6","0","1","","A","","A","150","D","","A","","A","","A","","A","","A","","A","","A","","A","","A"
"20194","04204353","15","0","1","200","D","25","D","10","D","","A","","A","","A","","A","","A","","A","","A","","A","","A"
"20194","04216802","9","0","1","130","D","100","D","","A","","A","","A","","A","","A","","A","","A","","A","","A","","A"
"20194","04218222","10","0","1","130","D","350","D","","A","","A","","A","","A","","A","","A","","A","","A","","A","","A"
"20194","04218642","3","0","1","300","D","80","D","","A","","A","","A","","A","","A","","A","","A","","A","","A","","A"
"20194","04220402","12","0","1","300","D","1300","D","","A","","A","","A","","A","","A","","A","","A","","A","","A","","A"
"20194","04220782","2","0","1","220","D","245","D","","A","","A","","A","","A","","A","","A","","A","","A","","A","","A"
"20194","04222082","3","0","1","","A","","A","400","D","","A","","A","","A","","A","","A","","A","","A","","A","","A"
"20194","04222132","14","0","1","175","D","117","D","53","D","","A","","A","","A","","A","","A","","A","","A","","A","","A"
"20194","04222802","5","0","1","130","D","3000","D","","A","","A","","A","","A","","A","","A","","A","","A","","A","","A"
"20194","04223132","9","0","1","160","D","120","D","","A","","A","","A","","A","","A","","A","","A","","A","","A","","A"
"20194","04223702","4","0","1","300","D","800","D","","A","","A","","A","","A","","A","","A","","A","","A","","A","","A"
"20194","04225842","4","0","1","300","D","2000","D","","A","","A","","A","","A","","A","","A","","A","","A","","A","","A"
"20194","04228442","13","0","1","300","D","350","D","","A","","A","","A","","A","","A","","A","","A","","A","","A","","A"
"20194","04228702","14","0","1","","A","","A","15","D","","A","","A","","A","","A","","A","","A","","A","","A","","A"
"20194","04229772","7","0","1","200","D","623","D","230","D","","A","","A","","A","","A","","A","","A","","A","","A","","A"
"20194","04230072","14","0","1","","A","","A","40","D","","A","","A","","A","","A","","A","","A","","A","","A","","A"
"20194","04230592","4","0","1","","A","","A","600","D","","A","","A","","A","","A","","A","","A","","A","","A","","A"
"20194","04232852","12","0","1","160","D","651","D","","A","","A","","A","","A","","A","","A","","A","","A","","A","","A"
"20194","04233242","4","0","1","280","D","3500","D","","A","","A","","A","","A","","A","","A","","A","","A","","A","","A"
"20194","04233312","10","0","1","","A","","A","45","D","","A","","A","","A","","A","","A","","A","","A","","A","","A"
"20194","04233592","2","0","1","120","D","100","D","","A","","A","","A","","A","","A","","A","","A","","A","","A","","A"
"20194","04233802","3","0","1","300","D","1700","D","","A","","A","","A","","A","","A","","A","","A","","A","","A","","A"
"20194","04236762","5","0","1","130","D","8100","D","600","D","","A","","A","","A","","A","","A","","A","","A","","A","","A"
"20194","04237912","9","0","1","110","D","160","D","","A","","A","","A","","A","","A","","A","","A","","A","","A","","A"
"20194","04237932","5","0","1","175","D","150","D","","A","","A","","A","","A","","A","","A","","A","","A","","A","","A"
"20194","04240562","6","0","1","","A","","A","99","D","","A","","A","","A","","A","","A","","A","","A","","A","","A"
"20194","04240972","2","0","1","175","D","120","D","","A","","A","","A","","A","","A","","A","","A","","A","","A","","A"
"20194","04241292","7","0","1","110","D","750","D","","A","","A","","A","","A","","A","","A","","A","","A","","A","","A"
"20194","04242372","3","0","1","240","D","300","D","","A","","A","","A","","A","","A","","A","","A","","A","","A","","A"
"20194","04242702","3","0","1","","A","","A","1200","D","","A","","A","","A","","A","","A","","A","","A","","A","","A"
"20194","04243192","8","0","1","","A","","A","100","D","","A","","A","","A","","A","","A","","A","","A","","A","","A"
"20194","04244942","11","0","1","","A","","A","150","D","","A","","A","","A","","A","","A","","A","","A","","A","","A"
"20194","04245102","7","0","1","300","D","72","D","","A","","A","","A","","A","","A","","A","","A","","A","","A","","A"
"20194","04245572","6","0","1","300","D","150","D","","A","","A","","A","","A","","A","","A","","A","","A","","A","","A"
"20194","04245732","5","0","1","130","D","600","D","","A","","A","","A","","A","","A","","A","","A","","A","","A","","A"
"20194","04245752","5","0","1","175","D","50","D","","A","","A","","A","","A","","A","","A","","A","","A","","A","","A"
"20194","04267681","6","0","1","300","D","140","D","","A","","A","","A","","A","","A","","A","","A","","A","","A","","A"
"20194","04268471","2","0","1","235","D","125","D","","A","","A","","A","","A","","A","","A","","A","","A","","A","","A"
"20194","04268741","2","0","1","300","D","800","D","","A","","A","","A","","A","","A","","A","","A","","A","","A","","A"
"20194","04270741","5","0","1","175","D","300","D","","A","","A","","A","","A","","A","","A","","A","","A","","A","","A"
"20194","04271241","3","0","1","175","D","25","D","","A","","A","","A","","A","","A","","A","","A","","A","","A","","A"
"20194","04272011","6","0","1","130","D","1000","D","","A","","A","","A","","A","","A","","A","","A","","A","","A","","A"
"20194","04272091","18","0","1","130","D","200","D","100","D","","A","","A","","A","","A","","A","","A","","A","","A","","A"
"20194","04272441","11","0","1","300","D","25","D","","A","","A","","A","","A","","A","","A","","A","","A","","A","","A"
"20194","04273141","4","0","1","130","D","1500","D","","A","","A","","A","","A","","A","","A","","A","","A","","A","","A"
"20194","04273721","6","0","1","300","D","350","D","","A","","A","","A","","A","","A","","A","","A","","A","","A","","A"
"20194","04273734","9","0","1","300","D","100","D","","A","","A","","A","","A","","A","","A","","A","","A","","A","","A"
"20194","04274321","8","0","1","280","D","200","D","","A","","A","","A","","A","","A","","A","","A","","A","","A","","A"
"20194","04274641","3","0","1","260","D","20","D","","A","","A","","A","","A","","A","","A","","A","","A","","A","","A"
"20194","04274801","7","0","1","175","D","300","D","","A","","A","","A","","A","","A","","A","","A","","A","","A","","A"
"20194","04275941","4","0","1","140","D","400","D","","A","","A","","A","","A","","A","","A","","A","","A","","A","","A"
"20194","04276702","5","0","1","","A","","A","80","F","","A","","A","","A","","A","","A","","A","","A","","A","","A"
"20194","04278441","4","0","1","130","D","175","D","50","D","","A","","A","","A","","A","","A","","A","","A","","A","","A"
"20194","04279691","8","0","1","300","D","150","D","","A","","A","","A","","A","","A","","A","","A","","A","","A","","A"
"20194","04279881","4","0","1","190","D","20","D","","A","","A","","A","","A","","A","","A","","A","","A","","A","","A"
"20194","04282181","8","0","1","235","D","400","D","","A","","A","","A","","A","","A","","A","","A","","A","","A","","A"
"20194","04282711","16","0","1","130","D","200","D","","A","","A","","A","","A","","A","","A","","A","","A","","A","","A"
"20194","04284621","8","0","1","130","D","350","F","","A","","A","","A","","A","","A","","A","","A","","A","","A","","A"
"20194","04285141","2","0","1","200","D","500","D","","A","","A","","A","","A","","A","","A","","A","","A","","A","","A"
"20194","04287571","8","0","1","300","D","2000","D","","A","","A","","A","","A","","A","","A","","A","","A","","A","","A"
"20194","04288901","3","0","1","","A","","A","500","D","","A","","A","","A","","A","","A","","A","","A","","A","","A"
"20194","04289041","2","0","1","300","D","100","D","","A","","A","","A","","A","","A","","A","","A","","A","","A","","A"
"20194","04290071","27","0","1","","A","","A","100","D","","A","","A","","A","","A","","A","","A","","A","","A","","A"
"20194","04292741","9","0","1","140","D","200","D","","A","","A","","A","","A","","A","","A","","A","","A","","A","","A"
"20194","04292773","5","0","1","200","D","300","D","","A","","A","","A","","A","","A","","A","","A","","A","","A","","A"
"20194","04292844","10","0","1","240","D","200","D","","A","","A","","A","","A","","A","","A","","A","","A","","A","","A"
"20194","04293111","10","0","1","280","D","240","D","1550","D","","A","","A","","A","","A","","A","","A","","A","","A","","A"
"20194","04294881","9","0","1","300","D","10","D","","A","","A","","A","","A","","A","","A","","A","","A","","A","","A"
"20194","04295341","3","0","1","130","D","1000","D","","A","","A","","A","","A","","A","","A","","A","","A","","A","","A"
"20194","04295601","13","0","1","280","D","6000","D","","A","","A","","A","","A","","A","","A","","A","","A","","A","","A"
"20194","04295711","17","0","1","130","D","5000","D","","A","","A","","A","","A","","A","","A","","A","","A","","A","","A"
"20194","04295841","6","0","1","200","D","3500","D","4000","D","","A","","A","","A","","A","","A","","A","","A","","A","","A"
"20194","04296201","17","0","1","150","D","12000","D","","A","","A","","A","","A","","A","","A","","A","","A","","A","","A"
"20194","04296561","2","0","1","160","D","120","D","","A","","A","","A","","A","","A","","A","","A","","A","","A","","A"
"20194","04296891","7","0","1","200","D","200","D","","A","","A","","A","","A","","A","","A","","A","","A","","A","","A"
"20194","04297601","2","0","1","300","D","3000","D","","A","","A","","A","","A","","A","","A","","A","","A","","A","","A"
"20194","04297631","1","0","1","140","D","185","D","","A","","A","","A","","A","","A","","A","","A","","A","","A","","A"
"20194","04298471","6","0","1","235","D","750","D","","A","","A","","A","","A","","A","","A","","A","","A","","A","","A"
"20194","04298781","10","0","1","","A","","A","9","D","","A","","A","","A","","A","","A","","A","","A","","A","","A"
"20201","04173774","4","0","1","310","D","","H","","A","235","D","190","D","","A","","A","","A","","A","","A","","A","","A"
"20201","04173774","4","1","1","235","D","2900","E","","A","","A","","A","","A","","A","","A","","A","","A","","A","","A"
"20201","04173774","4","2","1","190","D","1600","E","","A","","A","","A","","A","","A","","A","","A","","A","","A","","A"
"20201","04176114","13","0","1","175","D","63","D","","A","","A","","A","","A","","A","","A","","A","","A","","A","","A"
"20201","04176314","14","0","1","300","D","250","D","","A","","A","","A","","A","","A","","A","","A","","A","","A","","A"
"20201","04178524","6","0","1","","A","","A","38","D","","A","","A","","A","","A","","A","","A","","A","","A","","A"
"20201","04180304","5","0","1","235","D","1500","D","","A","","A","","A","","A","","A","","A","","A","","A","","A","","A"
"20201","04180484","12","0","1","300","D","100","D","","A","","A","","A","","A","","A","","A","","A","","A","","A","","A"
"20201","04180954","8","0","1","","A","","A","1500","D","","A","","A","","A","","A","","A","","A","","A","","A","","A"
"20201","04181594","7","0","1","300","D","250","D","250","D","","A","","A","","A","","A","","A","","A","","A","","A","","A"
"20201","04182214","10","0","1","175","D","38","D","","A","","A","","A","","A","","A","","A","","A","","A","","A","","A"
"20201","04182724","7","0","1","140","D","800","D","","A","","A","","A","","A","","A","","A","","A","","A","","A","","A"
"20201","04182734","5","0","1","220","D","2875","D","","A","","A","","A","","A","","A","","A","","A","","A","","A","","A"
"20201","04184014","7","0","1","300","D","4800","D","","A","","A","","A","","A","","A","","A","","A","","A","","A","","A"
"20201","04184184","4","0","1","","A","","A","16","D","","A","","A","","A","","A","","A","","A","","A","","A","","A"
"20201","04187674","8","0","1","200","D","170","D","","A","","A","","A","","A","","A","","A","","A","","A","","A","","A"
"20201","04188684","5","0","1","140","D","10","D","","A","","A","","A","","A","","A","","A","","A","","A","","A","","A"
"20201","04188964","11","0","1","300","D","60","D","15","D","","A","","A","","A","","A","","A","","A","","A","","A","","A"
"20201","04189754","17","0","1","300","D","90","D","","A","","A","","A","","A","","A","","A","","A","","A","","A","","A"
"20201","04190734","6","0","1","100","D","500","D","","A","","A","","A","","A","","A","","A","","A","","A","","A","","A"
"20201","04190924","12","0","1","200","D","50","D","","A","","A","","A","","A","","A","","A","","A","","A","","A","","A"
"20201","04190954","9","0","1","300","D","139","D","","A","","A","","A","","A","","A","","A","","A","","A","","A","","A"
"20201","04191154","20","0","1","175","D","80","D","","A","","A","","A","","A","","A","","A","","A","","A","","A","","A"
"20201","04191584","10","0","1","140","D","60","D","","A","","A","","A","","A","","A","","A","","A","","A","","A","","A"
"20201","04192144","15","0","1","130","D","320","D","","A","","A","","A","","A","","A","","A","","A","","A","","A","","A"
"20201","04192894","5","0","1","300","D","250","D","","A","","A","","A","","A","","A","","A","","A","","A","","A","","A"
"20201","04193144","4","0","1","130","D","200","D","200","D","","A","","A","","A","","A","","A","","A","","A","","A","","A"
"20201","04193274","4","0","1","175","D","230","D","175","D","","A","","A","","A","","A","","A","","A","","A","","A","","A"
"20201","04193404","12","0","1","300","D","700","D","","A","","A","","A","","A","","A","","A","","A","","A","","A","","A"
"20201","04194044","11","0","1","175","D","80","D","","A","","A","","A","","A","","A","","A","","A","","A","","A","","A"
"20201","04194184","2","0","1","","A","","A","60","D","","A","","A","","A","","A","","A","","A","","A","","A","","A"
"20201","04194614","4","0","1","175","D","200","D","","A","","A","","A","","A","","A","","A","","A","","A","","A","","A"
"20201","04195794","15","0","1","300","D","2500","D","","A","","A","","A","","A","","A","","A","","A","","A","","A","","A"
"20201","04196094","6","0","1","300","D","600","D","","A","","A","","A","","A","","A","","A","","A","","A","","A","","A"
"20201","04196324","17","0","1","175","D","60","D","","A","","A","","A","","A","","A","","A","","A","","A","","A","","A"
"20201","04203604","6","0","1","300","D","240","D","","A","","A","","A","","A","","A","","A","","A","","A","","A","","A"
"20201","04203974","9","0","1","270","D","19800","T","743","D","","A","","A","","A","","A","","A","","A","","A","","A","","A"
"20201","04204314","6","0","1","160","D","500","D","","A","","A","","A","","A","","A","","A","","A","","A","","A","","A"
"20201","04204354","17","0","1","","A","","A","30","D","","A","","A","","A","","A","","A","","A","","A","","A","","A"
"20201","04215343","9","0","1","280","D","970","D","","A","","A","","A","","A","","A","","A","","A","","A","","A","","A"
"20201","04215483","1","0","1","175","D","50","D","","A","","A","","A","","A","","A","","A","","A","","A","","A","","A"
"20201","04216763","20","0","1","","A","","A","260","D","","A","","A","","A","","A","","A","","A","","A","","A","","A"
"20201","04217393","5","0","1","","A","","A","150","D","","A","","A","","A","","A","","A","","A","","A","","A","","A"
"20201","04217843","11","0","1","200","D","120","D","","A","","A","","A","","A","","A","","A","","A","","A","","A","","A"
"20201","04223133","13","0","1","175","D","120","D","","A","","A","","A","","A","","A","","A","","A","","A","","A","","A"
"20201","04224393","3","0","1","175","D","200","D","","A","","A","","A","","A","","A","","A","","A","","A","","A","","A"
"20201","04225113","12","0","1","","A","","A","589","D","","A","","A","","A","","A","","A","","A","","A","","A","","A"
"20201","04225233","18","0","1","280","D","25","D","","A","","A","","A","","A","","A","","A","","A","","A","","A","","A"
"20201","04225433","1","0","1","","A","","A","200","D","","A","","A","","A","","A","","A","","A","","A","","A","","A"
"20201","04225493","8","0","1","280","D","18","D","","A","","A","","A","","A","","A","","A","","A","","A","","A","","A"
"20201","04227723","10","0","1","","A","","A","129","D","","A","","A","","A","","A","","A","","A","","A","","A","","A"
"20201","04228603","13","0","1","","A","","A","90","D","","A","","A","","A","","A","","A","","A","","A","","A","","A"
"20201","04229353","17","0","1","175","D","18","D","","A","","A","","A","","A","","A","","A","","A","","A","","A","","A"
"20201","04229773","9","0","1","","A","","A","12","D","","A","","A","","A","","A","","A","","A","","A","","A","","A"
"20201","04230143","7","0","1","310","D","","H","","A","310","D","175","D","","A","","A","","A","","A","","A","","A","","A"
"20201","04230143","7","1","1","140","D","16","E","","A","","A","","A","","A","","A","","A","","A","","A","","A","","A"
"20201","04230143","7","2","1","175","D","18","E","","A","","A","","A","","A","","A","","A","","A","","A","","A","","A"
"20201","04232403","6","0","1","130","D","50","D","","A","","A","","A","","A","","A","","A","","A","","A","","A","","A"
"20201","04233243","9","0","1","175","D","27","D","","A","","A","","A","","A","","A","","A","","A","","A","","A","","A"
"20201","04233313","5","0","1","175","D","38","D","104","D","","A","","A","","A","","A","","A","","A","","A","","A","","A"
"20201","04233473","4","0","1","120","D","136","D","","A","","A","","A","","A","","A","","A","","A","","A","","A","","A"
"20201","04233533","1","0","1","110","D","3600","D","","A","","A","","A","","A","","A","","A","","A","","A","","A","","A"
"20201","04233803","2","0","1","130","D","650","D","","A","","A","","A","","A","","A","","A","","A","","A","","A","","A"
"20201","04234913","5","0","1","","A","","A","25","D","","A","","A","","A","","A","","A","","A","","A","","A","","A"
"20201","04235143","2","0","1","","A","","A","200","F","","A","","A","","A","","A","","A","","A","","A","","A","","A"
"20201","04235273","8","0","1","140","D","35","D","76","D","","A","","A","","A","","A","","A","","A","","A","","A","","A"
"20201","04236013","4","0","1","175","D","150","D","","A","","A","","A","","A","","A","","A","","A","","A","","A","","A"
"20201","04236323","9","0","1","300","D","6","D","","A","","A","","A","","A","","A","","A","","A","","A","","A","","A"
"20201","04237643","4","0","1","","A","","A","202","D","","A","","A","","A","","A","","A","","A","","A","","A","","A"
"20201","04241203","3","0","1","175","D","284","D","","A","","A","","A","","A","","A","","A","","A","","A","","A","","A"
"20201","04241373","10","0","1","140","D","400","D","","A","","A","","A","","A","","A","","A","","A","","A","","A","","A"
"20201","04242603","6","0","1","140","D","15","D","","A","","A","","A","","A","","A","","A","","A","","A","","A","","A"
"20201","04245103","16","0","1","300","D","93","D","","A","","A","","A","","A","","A","","A","","A","","A","","A","","A"
"20201","04245573","5","0","1","","A","","A","30","D","","A","","A","","A","","A","","A","","A","","A","","A","","A"
"20201","04246003","4","0","1","","A","","A","100","D","","A","","A","","A","","A","","A","","A","","A","","A","","A"
"20201","04246503","11","0","1","130","D","30","D","","A","","A","","A","","A","","A","","A","","A","","A","","A","","A"
"20201","04267792","4","0","1","300","D","60","D","","A","","A","","A","","A","","A","","A","","A","","A","","A","","A"
"20201","04268012","10","0","1","","A","","A","2","D","","A","","A","","A","","A","","A","","A","","A","","A","","A"
"20201","04268792","24","0","1","","A","","A","230","D","","A","","A","","A","","A","","A","","A","","A","","A","","A"
"20201","04269862","18","0","1","","A","","A","160","D","","A","","A","","A","","A","","A","","A","","A","","A","","A"
"20201","04270842","9","0","1","175","D","50","D","15","D","","A","","A","","A","","A","","A","","A","","A","","A","","A"
"20201","04273112","4","0","1","300","D","200","D","","A","","A","","A","","A","","A","","A","","A","","A","","A","","A"
"20201","04273682","15","0","1","","A","","A","80","D","","A","","A","","A","","A","","A","","A","","A","","A","","A"
"20201","04274322","22","0","1","","A","","A","500","D","","A","","A","","A","","A","","A","","A","","A","","A","","A"
"20201","04274582","11","0","1","175","D","60","D","","A","","A","","A","","A","","A","","A","","A","","A","","A","","A"
"20201","04275642","7","0","1","210","D","57","D","","A","","A","","A","","A","","A","","A","","A","","A","","A","","A"
"20201","04276772","4","0","1","160","D","150","D","","A","","A","","A","","A","","A","","A","","A","","A","","A","","A"
"20201","04278442","9","0","1","300","D","200","D","","A","","A","","A","","A","","A","","A","","A","","A","","A","","A"
"20201","04280032","10","0","1","200","D","150","D","","A","","A","","A","","A","","A","","A","","A","","A","","A","","A"
"20201","04280164","14","0","1","160","D","300","D","","A","","A","","A","","A","","A","","A","","A","","A","","A","","A"
"20201","04280682","3","0","1","300","D","45","D","","A","","A","","A","","A","","A","","A","","A","","A","","A","","A"
"20201","04281242","11","0","1","160","D","60","D","","A","","A","","A","","A","","A","","A","","A","","A","","A","","A"
"20201","04281312","26","0","1","300","D","250","D","","A","","A","","A","","A","","A","","A","","A","","A","","A","","A"
"20201","04281402","8","0","1","300","D","500","D","100","D","","A","","A","","A","","A","","A","","A","","A","","A","","A"
"20201","04282862","6","0","1","","A","","A","500","D","","A","","A","","A","","A","","A","","A","","A","","A","","A"
"20201","04285472","2","0","1","300","D","120","D","","A","","A","","A","","A","","A","","A","","A","","A","","A","","A"
"20201","04286502","3","0","1","280","D","434","D","","A","","A","","A","","A","","A","","A","","A","","A","","A","","A"
"20201","04287602","5","0","1","310","D","","H","","A","235","D","200","D","300","D","","A","","A","","A","","A","","A","","A"
"20201","04287602","5","1","1","200","D","1500","E","","A","","A","","A","","A","","A","","A","","A","","A","","A","","A"
"20201","04287602","5","2","1","300","D","1100","E","","A","","A","","A","","A","","A","","A","","A","","A","","A","","A"
"20201","04287602","5","3","1","235","D","2400","E","","A","","A","","A","","A","","A","","A","","A","","A","","A","","A"
"20201","04288032","5","0","1","175","D","120","D","","A","","A","","A","","A","","A","","A","","A","","A","","A","","A"
"20201","04293262","5","0","1","300","D","100","D","","A","","A","","A","","A","","A","","A","","A","","A","","A","","A"
"20201","04293782","1","0","1","300","D","15","D","","A","","A","","A","","A","","A","","A","","A","","A","","A","","A"
"20201","04293792","5","0","1","310","D","","H","","A","310","D","300","D","","A","","A","","A","","A","","A","","A","","A"
"20201","04293792","5","1","1","130","D","56","E","","A","","A","","A","","A","","A","","A","","A","","A","","A","","A"
"20201","04293792","5","2","1","300","D","14","E","","A","","A","","A","","A","","A","","A","","A","","A","","A","","A"
"20201","04295242","18","0","1","","A","","A","35","D","","A","","A","","A","","A","","A","","A","","A","","A","","A"
"20201","04296202","9","0","1","150","D","6000","D","","A","","A","","A","","A","","A","","A","","A","","A","","A","","A"
"20201","04297172","18","0","1","235","D","1924","D","","A","","A","","A","","A","","A","","A","","A","","A","","A","","A"
"20201","04297822","4","0","1","140","D","60","D","","A","","A","","A","","A","","A","","A","","A","","A","","A","","A"
"20201","04298022","5","0","1","140","D","100","D","","A","","A","","A","","A","","A","","A","","A","","A","","A","","A"
"20201","04310621","3","0","1","","A","","A","30","D","","A","","A","","A","","A","","A","","A","","A","","A","","A"
"20201","04311521","5","0","1","120","D","130","D","","A","","A","","A","","A","","A","","A","","A","","A","","A","","A"
"20201","04311641","18","0","1","240","D","140","D","","A","","A","","A","","A","","A","","A","","A","","A","","A","","A"
"20201","04312383","2","0","1","175","D","15","D","","A","","A","","A","","A","","A","","A","","A","","A","","A","","A"
"20201","04315031","12","0","1","130","D","1000","D","","A","","A","","A","","A","","A","","A","","A","","A","","A","","A"
"20201","04316351","8","0","1","120","D","150","D","","A","","A","","A","","A","","A","","A","","A","","A","","A","","A"
"20201","04316881","6","0","1","300","D","150","D","200","D","","A","","A","","A","","A","","A","","A","","A","","A","","A"
"20201","04316891","4","0","1","","A","","A","900","D","","A","","A","","A","","A","","A","","A","","A","","A","","A"
"20201","04317682","11","0","1","130","D","555","D","","A","","A","","A","","A","","A","","A","","A","","A","","A","","A"
"20201","04318301","19","0","1","","A","","A","100","D","","A","","A","","A","","A","","A","","A","","A","","A","","A"
"20201","04319121","12","0","1","175","D","500","F","175","F","","A","","A","","A","","A","","A","","A","","A","","A","","A"
"20201","04319941","2","0","1","130","D","6000","D","","A","","A","","A","","A","","A","","A","","A","","A","","A","","A"
"20201","04320641","2","0","1","175","D","50","D","","A","","A","","A","","A","","A","","A","","A","","A","","A","","A"
"20201","04321391","10","0","1","175","D","109","D","","A","","A","","A","","A","","A","","A","","A","","A","","A","","A"
"20201","04321571","1","0","1","280","D","100","D","","A","","A","","A","","A","","A","","A","","A","","A","","A","","A"
"20201","04321721","4","0","1","190","D","50","D","","A","","A","","A","","A","","A","","A","","A","","A","","A","","A"
"20201","04321781","20","0","1","130","D","375","D","","A","","A","","A","","A","","A","","A","","A","","A","","A","","A"
"20201","04321831","19","0","1","300","D","450","D","","A","","A","","A","","A","","A","","A","","A","","A","","A","","A"
"20201","04322431","3","0","1","","A","","A","50","D","","A","","A","","A","","A","","A","","A","","A","","A","","A"
"20201","04322821","2","0","1","160","D","200","D","","A","","A","","A","","A","","A","","A","","A","","A","","A","","A"
"20201","04323421","9","0","1","","A","","A","150","D","","A","","A","","A","","A","","A","","A","","A","","A","","A"
"20201","04323671","5","0","1","","A","","A","78","D","","A","","A","","A","","A","","A","","A","","A","","A","","A"
"20201","04323911","21","0","1","190","D","75","D","","A","","A","","A","","A","","A","","A","","A","","A","","A","","A"
"20201","04324031","6","0","1","310","D","","H","","A","260","D","300","D","","A","","A","","A","","A","","A","","A","","A"
"20201","04324031","6","1","1","300","D","165","E","","A","","A","","A","","A","","A","","A","","A","","A","","A","","A"
"20201","04324261","21","0","1","130","D","1000","D","","A","","A","","A","","A","","A","","A","","A","","A","","A","","A"
"20201","04325191","3","0","1","220","D","400","D","","A","","A","","A","","A","","A","","A","","A","","A","","A","","A"
"20201","04325681","1","0","1","235","D","7000","D","","A","","A","","A","","A","","A","","A","","A","","A","","A","","A"
"20201","04326131","3","0","1","120","D","250","D","","A","","A","","A","","A","","A","","A","","A","","A","","A","","A"
"20201","04326631","6","0","1","150","D","1700","D","","A","","A","","A","","A","","A","","A","","A","","A","","A","","A"
"20201","04326681","7","0","1","300","D","150","D","","A","","A","","A","","A","","A","","A","","A","","A","","A","","A"
"20201","04327001","9","0","1","","A","","A","200","D","","A","","A","","A","","A","","A","","A","","A","","A","","A"
"20201","04328071","5","0","1","","A","","A","120","D","","A","","A","","A","","A","","A","","A","","A","","A","","A"
"20201","04328733","9","0","1","175","D","500","D","","A","","A","","A","","A","","A","","A","","A","","A","","A","","A"
"20201","04341651","3","0","1","","A","","A","50","D","","A","","A","","A","","A","","A","","A","","A","","A","","A"
"20201","04342541","4","0","1","140","D","6000","D","","A","","A","","A","","A","","A","","A","","A","","A","","A","","A"
"20201","04343021","3","0","1","260","D","50","D","","A","","A","","A","","A","","A","","A","","A","","A","","A","","A"
"20201","04343421","5","0","1","235","D","500","D","","A","","A","","A","","A","","A","","A","","A","","A","","A","","A"
"20201","04343831","10","0","1","235","D","700","D","","A","","A","","A","","A","","A","","A","","A","","A","","A","","A"
"20201","04344421","3","0","1","","A","","A","100","D","","A","","A","","A","","A","","A","","A","","A","","A","","A"
"20201","04344761","5","0","1","140","D","200","D","","A","","A","","A","","A","","A","","A","","A","","A","","A","","A"
"20201","04345161","12","0","1","175","D","200","D","","A","","A","","A","","A","","A","","A","","A","","A","","A","","A"
"20201","04346091","12","0","1","","A","","A","120","D","","A","","A","","A","","A","","A","","A","","A","","A","","A"
"20201","04346501","9","0","1","200","D","100","D","","A","","A","","A","","A","","A","","A","","A","","A","","A","","A"
"20201","04347031","2","0","1","","A","","A","640","D","","A","","A","","A","","A","","A","","A","","A","","A","","A"
"20201","04347901","1","0","1","130","D","320","F","","A","","A","","A","","A","","A","","A","","A","","A","","A","","A"
"20201","04348661","6","0","1","300","D","15","D","","A","","A","","A","","A","","A","","A","","A","","A","","A","","A"
"20201","04349761","2","0","1","140","D","10000","D","","A","","A","","A","","A","","A","","A","","A","","A","","A","","A"
"20201","04349891","4","0","1","200","D","53","D","","A","","A","","A","","A","","A","","A","","A","","A","","A","","A"
"20201","04350741","4","0","1","","A","","A","350","D","","A","","A","","A","","A","","A","","A","","A","","A","","A"
"20201","04350971","5","0","1","130","D","100","D","","A","","A","","A","","A","","A","","A","","A","","A","","A","","A"
"20201","04350991","7","0","1","140","D","188","D","","A","","A","","A","","A","","A","","A","","A","","A","","A","","A"
"20201","04351251","4","0","1","190","D","100","D","","A","","A","","A","","A","","A","","A","","A","","A","","A","","A"
