"QYEAR","NEWID","SEQNO","ALCNO","REC_ORIG","RENTCODE","RENT_ODE","BSNSPCTZ","BSNS_CTZ","QADRENTX","QADR_NTX","ANYVACAT","ANYV_CAT"
"20191","03891284","64","0","1","105","D","","A","40","D","2","D"
"20191","03891714","51","0","1","105","D","","A","350","D","1","D"
"20191","03892054","28","0","1","105","D","","A","80","D","1","D"
"20191","03892564","36","0","1","105","D","","A","1000","D","2","D"
"20191","03892814","13","0","1","105","D","","A","375","D","1","D"
"20191","03895604","16","0","1","105","D","","A","40","D","1","D"
"20191","03895904","37","0","1","105","D","","A","280","D","1","D"
"20191","03895944","50","0","1","105","D","","A","700","D","1","D"
"20191","03896004","26","0","1","105","D","","A","300","D","1","D"
"20191","03898244","54","0","1","105","D","","A","550","D","1","D"
"20191","03898384","27","0","1","105","D","","A","900","D","1","D"
"20191","03899324","27","0","1","105","D","","A","90","D","1","D"
"20191","03899324","28","0","1","200","D","","A","90","D","1","D"
"20191","03901014","13","0","1","105","D","","A","800","D","1","D"
"20191","03901934","32","0","1","105","D","","A","90","D","2","D"
"20191","03903134","44","0","1","105","D","1.0","D","0","D","1","D"
"20191","03903134","45","0","1","105","D","1.0","D","0","D","1","D"
"20191","03903584","18","0","1","105","D","","A","1","D","2","D"
"20191","03905934","36","0","1","105","D","","A","3","D","2","D"
"20191","03907184","19","0","1","105","D","","A","500","D","1","D"
"20191","03907264","25","0","1","105","D","","A","150","D","1","D"
"20191","03907614","43","0","1","105","D","","A","652","D","1","D"
"20191","03909134","16","0","1","105","D","","A","1000","D","1","D"
"20191","03922854","33","0","1","105","D","","A","340","D","1","D"
"20191","03922894","74","0","1","170","D","","A","30","D","1","D"
"20191","03924714","43","0","1","105","D","","A","125","D","2","D"
"20191","03924894","24","0","1","105","D","","A","200","D","1","D"
"20191","03925774","66","0","1","105","D","","A","130","D","2","D"
"20191","03927464","79","0","1","105","D","","A","91","D","1","D"
"20191","03928754","27","0","1","105","D","","A","80","D","2","D"
"20191","03931124","31","0","1","105","D","","A","280","D","1","D"
"20191","03931494","45","0","1","105","D","","A","250","D","1","D"
"20191","03931924","37","0","1","105","D","","A","700","D","1","D"
"20191","03932704","30","0","1","105","D","","A","50","D","1","D"
"20191","03933474","36","0","1","105","D","","A","66","D","1","D"
"20191","03944623","47","0","1","105","D","","A","80","D","1","D"
"20191","03945873","22","0","1","105","D","","A","778","D","2","D"
"20191","03945873","23","0","1","105","D","","A","271","D","2","D"
"20191","03945973","29","0","1","105","D","","A","350","D","1","D"
"20191","03946643","35","0","1","105","D","","A","275","D","1","D"
"20191","03946783","43","0","1","105","D","","A","250","D","2","D"
"20191","03947643","23","0","1","105","D","","A","80","D","2","D"
"20191","03947783","35","0","1","105","D","","A","450","D","2","D"
"20191","03947843","38","0","1","105","D","","A","600","D","1","D"
"20191","03948033","19","0","1","105","D","","A","850","D","2","D"
"20191","03948233","38","0","1","105","D","","A","775","D","1","D"
"20191","03948463","28","0","1","105","D","","A","252","D","2","D"
"20191","03949273","12","0","1","150","D","","A","560","D","2","D"
"20191","03950913","14","0","1","105","D","","A","100","D","2","D"
"20191","03951423","57","0","1","105","D","","A","40","D","2","D"
"20191","03951423","58","0","1","105","D","","A","40","D","2","D"
"20191","03952303","51","0","1","105","D","","A","700","D","1","D"
"20191","03952553","37","0","1","105","D","","A","300","D","1","D"
"20191","03952653","38","0","1","105","D","","A","400","D","2","D"
"20191","03952823","17","0","1","105","D","","A","120","D","1","D"
"20191","03954293","88","0","1","130","D","","A","300","D","2","D"
"20191","03965113","17","0","1","105","D","","A","80","D","1","D"
"20191","03966813","19","0","1","105","D","","A","1100","D","2","D"
"20191","03967453","41","0","1","105","D","","A","150","D","2","D"
"20191","03967733","32","0","1","105","D","","A","150","D","1","D"
"20191","03968963","28","0","1","105","D","","A","228","D","1","D"
"20191","03970523","45","0","1","105","D","","A","160","D","1","D"
"20191","03971903","69","0","1","105","D","","A","78","D","2","D"
"20191","03972263","27","0","1","105","D","","A","263","D","1","D"
"20191","03972593","30","0","1","105","D","","A","298","F","2","D"
"20191","03972923","26","0","1","105","D","","A","65","D","2","D"
"20191","03973053","30","0","1","105","D","","A","440","D","2","D"
"20191","03974293","16","0","1","105","D","","A","1100","D","2","D"
"20191","03974563","50","0","1","105","D","","A","475","D","1","D"
"20191","03975143","40","0","1","170","D","","A","40","D","1","D"
"20191","03985633","18","0","1","105","D","","A","250","D","2","D"
"20191","03987053","44","0","1","105","D","","A","154","D","2","D"
"20191","03988253","45","0","1","105","D","","A","125","D","1","D"
"20191","03988253","46","0","1","105","D","","A","300","D","1","D"
"20191","03989043","48","0","1","105","D","","A","565","D","1","D"
"20191","03989073","33","0","1","105","D","","A","350","D","2","D"
"20191","03990453","8","0","1","105","D","","A","63","D","1","D"
"20191","03992283","19","0","1","105","D","","A","500","D","1","D"
"20191","03992413","75","0","1","105","D","","A","87","D","1","D"
"20191","03992653","55","0","1","105","D","","A","377","D","1","D"
"20191","03993043","8","0","1","105","D","","A","420","F","2","D"
"20191","03994013","39","0","1","200","D","","A","450","D","1","D"
"20191","03994233","51","0","1","105","D","","A","100","D","1","D"
"20191","03994664","16","0","1","105","D","","A","200","D","1","D"
"20191","03995533","42","0","1","105","D","","A","600","D","1","D"
"20191","04007292","22","0","1","105","D","","A","95","D","1","D"
"20191","04007612","26","0","1","105","D","","A","150","D","1","D"
"20191","04008112","22","0","1","200","D","","A","180","D","2","D"
"20191","04008632","42","0","1","105","D","","A","502","D","1","D"
"20191","04009942","41","0","1","105","D","","A","1086","D","2","D"
"20191","04011672","43","0","1","105","D","","A","800","D","1","D"
"20191","04012422","26","0","1","105","D","","A","30","D","2","D"
"20191","04013312","24","0","1","105","D","","A","70","D","2","D"
"20191","04014334","19","0","1","105","D","","A","400","D","1","D"
"20191","04014692","41","0","1","105","D","","A","200","D","1","D"
"20191","04015282","54","0","1","105","D","","A","240","D","1","D"
"20191","04015482","20","0","1","160","D","","A","35","D","2","D"
"20191","04016532","33","0","1","105","D","","A","725","D","1","D"
"20191","04016582","54","0","1","105","D","","A","600","D","1","D"
"20191","04016772","52","0","1","105","D","","A","300","D","1","D"
"20191","04016872","36","0","1","105","D","","A","60","D","2","D"
"20191","04017032","45","0","1","105","D","","A","200","D","1","D"
"20191","04017192","15","0","1","200","D","","A","90","D","2","D"
"20191","04017262","46","0","1","105","D","","A","118","D","2","D"
"20191","04028122","25","0","1","105","D","","A","294","D","1","D"
"20191","04030632","47","0","1","105","D","","A","300","D","1","D"
"20191","04030772","40","0","1","105","D","","A","30","D","1","D"
"20191","04031462","16","0","1","105","D","","A","1200","D","2","D"
"20191","04031462","17","0","1","105","D","","A","1000","D","2","D"
"20191","04032392","72","0","1","105","D","","A","235","D","1","D"
"20191","04032442","30","0","1","150","D","","A","48","D","2","D"
"20191","04032952","24","0","1","105","D","","A","350","D","1","D"
"20191","04033252","12","0","1","105","D","","A","400","D","1","D"
"20191","04034162","20","0","1","105","D","","A","400","D","1","D"
"20191","04034292","49","0","1","105","D","","A","200","D","1","D"
"20191","04034402","62","0","1","105","D","","A","200","D","1","D"
"20191","04036862","28","0","1","105","D","","A","90","D","2","D"
"20191","04037582","11","0","1","105","D","","A","35","D","2","D"
"20191","04038612","50","0","1","105","D","","A","550","D","1","D"
"20191","04041332","15","0","1","105","D","","A","270","D","1","D"
"20191","04043262","22","0","1","105","D","","A","282","F","2","D"
"20191","04043412","13","0","1","105","D","","A","90","D","2","D"
"20191","04043522","24","0","1","105","D","","A","240","D","2","D"
"20191","04043522","25","0","1","150","D","","A","60","D","1","D"
"20191","04044062","23","0","1","105","D","","A","328","D","2","D"
"20191","04044542","42","0","1","105","D","","A","275","D","1","D"
"20191","04044562","41","0","1","105","D","","A","500","D","1","D"
"20191","04045002","28","0","1","105","D","","A","696","D","2","D"
"20191","04046042","46","0","1","105","D","","A","120","D","1","D"
"20191","04070231","21","0","1","105","D","","A","80","D","1","D"
"20191","04072931","30","0","1","105","D","","A","60","D","2","D"
"20191","04073301","27","0","1","105","D","","A","179","D","1","D"
"20191","04073461","8","0","1","105","D","","A","250","D","1","D"
"20191","04073561","10","0","1","105","D","","A","111","D","1","D"
"20191","04074381","21","0","1","105","D","","A","300","D","1","D"
"20191","04074691","10","0","1","105","D","","A","1000","D","2","D"
"20191","04074881","14","0","1","105","D","","A","225","D","2","D"
"20191","04075491","4","0","1","105","D","","A","564","D","2","D"
"20191","04075771","23","0","1","105","D","","A","617","D","1","D"
"20191","04076831","23","0","1","105","D","1.0","D","0","D","1","D"
"20191","04077481","20","0","1","105","D","","A","80","D","2","D"
"20191","04077731","69","0","1","105","D","","A","1912","D","1","D"
"20191","04078113","17","0","1","105","D","","A","250","D","1","D"
"20191","04078621","33","0","1","105","D","","A","300","D","2","D"
"20191","04079431","13","0","1","105","D","","A","150","D","1","D"
"20191","04079581","21","0","1","105","D","1.0","D","0","D","1","D"
"20191","04079641","33","0","1","105","D","","A","200","D","1","D"
"20191","04079911","22","0","1","105","D","","A","60","D","1","D"
"20191","04080021","24","0","1","105","D","","A","282","F","1","D"
"20191","04091581","9","0","1","105","D","","A","134","D","1","D"
"20191","04091891","12","0","1","105","D","","A","750","D","2","D"
"20191","04091971","26","0","1","105","D","","A","210","D","2","D"
"20191","04092001","24","0","1","105","D","","A","50","D","1","D"
"20191","04092021","16","0","1","105","D","","A","200","D","1","D"
"20191","04092381","26","0","1","105","D","","A","420","D","2","D"
"20191","04092381","27","0","1","105","D","","A","420","D","2","D"
"20191","04092401","24","0","1","105","D","","A","100","D","1","D"
"20191","04092691","33","0","1","105","D","","A","350","D","1","D"
"20191","04092711","20","0","1","105","D","","A","150","D","1","D"
"20191","04093051","19","0","1","105","D","","A","142","D","2","D"
"20191","04093141","21","0","1","105","D","","A","30","D","2","D"
"20191","04093191","14","0","1","105","D","","A","600","D","1","D"
"20191","04095051","25","0","1","105","D","","A","300","D","2","D"
"20191","04095634","20","0","1","105","D","","A","250","D","1","D"
"20191","04095731","27","0","1","105","D","","A","20","D","1","D"
"20191","04095731","28","0","1","200","D","","A","10","D","1","D"
"20191","04095761","30","0","1","105","D","","A","500","D","1","D"
"20191","04096551","55","0","1","105","D","","A","179","D","1","D"
"20191","04097471","17","0","1","180","D","","A","30","D","1","D"
"20191","04097601","36","0","1","105","D","","A","800","D","1","D"
"20191","04097621","20","0","1","105","D","","A","150","D","1","D"
"20191","04098561","18","0","1","160","D","","A","35","F","2","D"
"20191","04099441","43","0","1","105","D","","A","30","D","2","D"
"20191","04100831","39","0","1","105","D","","A","1000","D","1","D"
"20191","04101681","23","0","1","105","D","","A","300","D","1","D"
"20191","04102261","23","0","1","105","D","","A","95","D","1","D"
"20191","04102661","27","0","1","105","D","","A","350","D","1","D"
"20191","04103213","8","0","1","105","D","","A","18","D","2","D"
"20191","04103351","26","0","1","105","D","","A","24","D","2","D"
"20191","04103771","14","0","1","105","D","","A","85","D","2","D"
"20191","04103771","15","0","1","105","D","","A","50","D","2","D"
"20191","04103821","27","0","1","105","D","","A","70","D","2","D"
"20191","04104081","17","0","1","105","D",".99","D","2","D","1","D"
"20191","04104231","27","0","1","105","D","","A","549","D","1","D"
"20191","04104571","11","0","1","105","D","","A","225","D","1","D"
"20191","04104921","15","0","1","105","D","","A","195","D","1","D"
"20191","04105421","36","0","1","105","D","","A","500","D","1","D"
"20191","04105861","29","0","1","105","D","","A","35","D","1","D"
"20191","04106371","4","0","1","105","D","","A","800","D","2","D"
"20191","04107171","24","0","1","105","D","","A","350","D","1","D"
"20191","04107271","9","0","1","105","D","","A","500","D","1","D"
"20191","04107371","30","0","1","105","D","","A","380","D","1","D"
"20191","04107891","23","0","1","105","D","","A","375","D","1","D"
"20191","04108151","23","0","1","105","D","","A","65","D","1","D"
"20191","04108434","28","0","1","105","D","","A","40","D","2","D"
"20191","04108861","14","0","1","105","D","","A","2250","D","2","D"
"20191","04109281","38","0","1","105","D","","A","150","D","1","D"
"20191","04109731","22","0","1","105","D","","A","335","D","2","D"
"20191","04109841","18","0","1","105","D","","A","146","D","1","D"
"20191","04109841","19","0","1","105","D","","A","190","D","1","D"
"20191","04110171","22","0","1","105","D","","A","700","D","1","D"
"20192","03944694","9","0","1","105","D","","A","400","D","2","D"
"20192","03945524","29","0","1","105","D","","A","207","D","2","D"
"20192","03945684","57","0","1","105","D","","A","330","D","1","D"
"20192","03946784","32","0","1","105","D","","A","280","D","1","D"
"20192","03946824","33","0","1","105","D","","A","469","D","1","D"
"20192","03947234","40","0","1","105","D","","A","180","D","1","D"
"20192","03947274","30","0","1","105","D","","A","127","D","1","D"
"20192","03947784","38","0","1","105","D","","A","300","D","2","D"
"20192","03948034","22","0","1","105","D","","A","400","D","2","D"
"20192","03948544","50","0","1","105","D","","A","400","D","1","D"
"20192","03948724","21","0","1","105","D","","A","20","D","2","D"
"20192","03952304","42","0","1","180","D","","A","130","D","1","D"
"20192","03952654","37","0","1","105","D","","A","236","F","2","D"
"20192","03952864","22","0","1","105","D","","A","300","D","1","D"
"20192","03953044","42","0","1","105","D","","A","80","D","1","D"
"20192","03965564","44","0","1","200","D","","A","71","D","2","D"
"20192","03966634","11","0","1","105","D","","A","500","D","1","D"
"20192","03967734","30","0","1","105","D","","A","175","D","1","D"
"20192","03967954","16","0","1","105","D","","A","230","D","1","D"
"20192","03968734","55","0","1","105","D","","A","212","D","1","D"
"20192","03968964","27","0","1","105","D","","A","245","D","1","D"
"20192","03969214","40","0","1","105","D","","A","450","D","2","D"
"20192","03969264","28","0","1","105","D","","A","250","D","1","D"
"20192","03971154","59","0","1","105","D","","A","240","D","1","D"
"20192","03971384","25","0","1","105","D","","A","200","D","2","D"
"20192","03971834","43","0","1","105","D","","A","400","D","1","D"
"20192","03971944","38","0","1","105","D","","A","300","D","2","D"
"20192","03972044","31","0","1","105","D","","A","180","D","1","D"
"20192","03972044","32","0","1","105","D","","A","60","D","1","D"
"20192","03972324","25","0","1","105","D","","A","85","D","2","D"
"20192","03972384","19","0","1","135","D","","A","230","D","1","D"
"20192","03972924","30","0","1","105","D","","A","250","D","1","D"
"20192","03972924","31","0","1","105","D","","A","177","D","1","D"
"20192","03973644","36","0","1","105","D","","A","220","D","1","D"
"20192","03973644","37","0","1","105","D","","A","220","D","1","D"
"20192","03973744","19","0","1","105","D","","A","74","D","2","D"
"20192","03974104","46","0","1","105","D","","A","582","D","1","D"
"20192","03985484","51","0","1","105","D","","A","266","D","1","D"
"20192","03986024","23","0","1","105","D","","A","303","D","1","D"
"20192","03986804","11","0","1","105","D","","A","75","D","2","D"
"20192","03986874","13","0","1","105","D","1.0","D","0","D","2","D"
"20192","03987684","45","0","1","105","D","","A","50","D","1","D"
"20192","03987994","22","0","1","105","D","","A","25","D","1","D"
"20192","03988024","17","0","1","105","D","","A","160","D","1","D"
"20192","03989384","41","0","1","105","D","","A","166","D","1","D"
"20192","03991724","29","0","1","105","D","","A","165","D","1","D"
"20192","03992414","71","0","1","105","D","","A","35","D","2","D"
"20192","03992524","32","0","1","105","D","","A","470","D","2","D"
"20192","03993274","10","0","1","105","D","","A","400","D","1","D"
"20192","03993704","16","0","1","105","D","","A","180","D","1","D"
"20192","03994074","44","0","1","105","D","","A","450","D","1","D"
"20192","03995464","21","0","1","105","D","","A","980","D","1","D"
"20192","03995534","38","0","1","105","D","","A","600","D","1","D"
"20192","04006893","27","0","1","105","D","","A","200","D","1","D"
"20192","04007163","33","0","1","105","D","","A","250","D","1","D"
"20192","04009093","27","0","1","105","D","","A","400","D","1","D"
"20192","04009213","50","0","1","105","D","","A","500","D","1","D"
"20192","04009483","31","0","1","105","D","","A","120","D","1","D"
"20192","04009893","56","0","1","105","D","","A","600","D","1","D"
"20192","04009943","26","0","1","105","D","","A","235","D","1","D"
"20192","04011573","15","0","1","105","D","","A","100","D","1","D"
"20192","04011973","23","0","1","105","D","","A","400","D","1","D"
"20192","04012233","41","0","1","105","D","","A","550","D","1","D"
"20192","04012553","26","0","1","105","D","","A","300","D","1","D"
"20192","04014303","12","0","1","105","D","","A","1","D","2","D"
"20192","04015363","34","0","1","105","D","","A","525","D","2","D"
"20192","04015603","58","0","1","105","D","","A","275","D","1","D"
"20192","04015603","59","0","1","105","D","","A","100","D","1","D"
"20192","04016343","24","0","1","105","D","","A","240","D","2","D"
"20192","04016723","36","0","1","105","D","","A","120","D","1","D"
"20192","04017033","50","0","1","105","D","","A","250","D","1","D"
"20192","04027713","23","0","1","105","D","","A","1040","D","2","D"
"20192","04027823","34","0","1","105","D","","A","496","D","1","D"
"20192","04029743","34","0","1","105","D","","A","250","D","1","D"
"20192","04029743","35","0","1","105","D","","A","250","D","1","D"
"20192","04029743","36","0","1","105","D","","A","250","D","1","D"
"20192","04029743","37","0","1","105","D","","A","250","D","1","D"
"20192","04029743","38","0","1","105","D","","A","600","D","1","D"
"20192","04030903","38","0","1","105","D","","A","182","D","1","D"
"20192","04031973","11","0","1","105","D","","A","25","D","2","D"
"20192","04032153","56","0","1","200","D","","A","115","D","1","D"
"20192","04032293","15","0","1","105","D","","A","1200","D","2","D"
"20192","04032393","51","0","1","105","D","","A","110","D","1","D"
"20192","04032433","29","0","1","105","D","","A","140","D","1","D"
"20192","04033553","17","0","1","105","D","","A","459","D","2","D"
"20192","04034403","67","0","1","105","D","","A","150","D","2","D"
"20192","04034883","12","0","1","105","D","","A","81","D","1","D"
"20192","04035273","26","0","1","105","D","","A","130","D","1","D"
"20192","04035583","47","0","1","105","D","","A","387","D","1","D"
"20192","04035743","16","0","1","105","D","","A","214","D","1","D"
"20192","04036033","31","0","1","105","D","","A","80","D","1","D"
"20192","04036833","32","0","1","105","D","","A","400","D","1","D"
"20192","04037583","11","0","1","105","D","","A","26","D","1","D"
"20192","04038603","35","0","1","105","D","","A","580","D","1","D"
"20192","04038833","21","0","1","105","D","","A","289","F","1","D"
"20192","04039783","26","0","1","105","D","","A","900","D","1","D"
"20192","04040793","19","0","1","170","D","","A","28","D","2","D"
"20192","04041403","19","0","1","105","D","","A","700","D","1","D"
"20192","04042553","85","0","1","180","D","","A","30","D","2","D"
"20192","04042623","51","0","1","105","D","","A","150","D","1","D"
"20192","04043243","26","0","1","105","D","","A","390","D","2","D"
"20192","04044543","43","0","1","200","D","","A","110","D","1","D"
"20192","04044563","28","0","1","105","D","","A","300","D","1","D"
"20192","04045413","26","0","1","105","D","","A","100","D","1","D"
"20192","04045553","40","0","1","105","D","","A","60","D","1","D"
"20192","04046373","77","0","1","105","D","","A","600","D","1","D"
"20192","04046433","38","0","1","180","D","","A","356","D","1","D"
"20192","04046483","31","0","1","105","D","","A","600","D","1","D"
"20192","04070132","30","0","1","105","D","","A","280","D","1","D"
"20192","04071182","27","0","1","105","D","","A","370","D","1","D"
"20192","04071342","29","0","1","105","D","","A","119","D","2","D"
"20192","04072742","9","0","1","105","D","","A","170","D","2","D"
"20192","04072742","10","0","1","105","D","","A","140","D","2","D"
"20192","04074322","12","0","1","105","D","","A","120","D","1","D"
"20192","04075492","5","0","1","105","D","","A","132","D","1","D"
"20192","04075492","6","0","1","105","D","","A","72","D","1","D"
"20192","04075892","18","0","1","105","D","","A","400","D","1","D"
"20192","04076172","19","0","1","105","D","","A","200","D","1","D"
"20192","04076182","27","0","1","105","D","","A","300","D","1","D"
"20192","04076182","28","0","1","105","D","","A","300","D","1","D"
"20192","04076182","29","0","1","105","D","","A","300","D","1","D"
"20192","04076832","35","0","1","105","D","","A","305","D","1","D"
"20192","04076962","25","0","1","105","D","","A","40","D","1","D"
"20192","04078012","9","0","1","105","D","","A","55","D","1","D"
"20192","04078482","35","0","1","105","D","","A","252","D","1","D"
"20192","04091662","28","0","1","105","D","","A","260","D","1","D"
"20192","04091702","15","0","1","105","D","","A","1350","D","1","D"
"20192","04091892","20","0","1","105","D","","A","2250","D","2","D"
"20192","04091942","14","0","1","105","D","","A","300","D","1","D"
"20192","04092292","25","0","1","105","D","","A","1500","D","1","D"
"20192","04094042","28","0","1","105","D","","A","300","D","1","D"
"20192","04094312","30","0","1","105","D","","A","116","D","2","D"
"20192","04094342","13","0","1","105","D","","A","200","D","1","D"
"20192","04094462","67","0","1","105","D","","A","585","D","1","D"
"20192","04095252","55","0","1","105","D","","A","360","D","1","D"
"20192","04095762","32","0","1","105","D","","A","140","D","1","D"
"20192","04098072","27","0","1","105","D","","A","461","D","1","D"
"20192","04098362","13","0","1","105","D","","A","840","D","2","D"
"20192","04099882","17","0","1","105","D","","A","90","D","1","D"
"20192","04100432","15","0","1","105","D","","A","150","D","1","D"
"20192","04100722","7","0","1","105","D","","A","90","D","2","D"
"20192","04100812","20","0","1","105","D","","A","40","D","2","D"
"20192","04100832","46","0","1","105","D","","A","683","D","1","D"
"20192","04100992","46","0","1","105","D","","A","30","D","2","D"
"20192","04101682","29","0","1","105","D","","A","130","D","1","D"
"20192","04101822","81","0","1","105","D","","A","179","D","1","D"
"20192","04102222","28","0","1","105","D","","A","90","D","1","D"
"20192","04102732","12","0","1","105","D","","A","87","D","1","D"
"20192","04103252","12","0","1","105","D","","A","50","D","1","D"
"20192","04103422","30","0","1","105","D","","A","1000","D","1","D"
"20192","04103532","24","0","1","105","D","","A","200","D","1","D"
"20192","04103542","14","0","1","105","D","1.0","D","0","D","1","D"
"20192","04104652","10","0","1","105","D","","A","250","D","2","D"
"20192","04105132","29","0","1","105","D","","A","112","D","2","D"
"20192","04105952","17","0","1","105","D","","A","100","D","2","D"
"20192","04105952","18","0","1","105","D","","A","100","D","2","D"
"20192","04105982","5","0","1","105","D","","A","975","D","2","D"
"20192","04106992","28","0","1","105","D","","A","380","F","2","D"
"20192","04107172","35","0","1","105","D","","A","165","D","1","D"
"20192","04107172","36","0","1","105","D","","A","120","D","1","D"
"20192","04107262","32","0","1","105","D","","A","350","D","1","D"
"20192","04107532","29","0","1","105","D","","A","236","F","1","D"
"20192","04108702","49","0","1","105","D","","A","560","D","1","D"
"20192","04108932","32","0","1","105","D","","A","204","D","1","D"
"20192","04109162","36","0","1","105","D","","A","1000","D","1","D"
"20192","04109732","31","0","1","105","D","","A","220","D","2","D"
"20192","04110042","34","0","1","105","D","","A","210","D","2","D"
"20192","04110222","22","0","1","105","D","","A","120","D","2","D"
"20192","04110872","26","0","1","105","D","","A","250","D","2","D"
"20192","04173661","18","0","1","105","D","","A","300","D","2","D"
"20192","04174501","42","0","1","105","D","","A","120","D","1","D"
"20192","04174514","15","0","1","105","D","","A","1000","D","1","D"
"20192","04174821","4","0","1","105","D","","A","300","D","2","D"
"20192","04175121","18","0","1","105","D","","A","300","D","1","D"
"20192","04176351","32","0","1","105","D","","A","285","D","1","D"
"20192","04176664","43","0","1","135","D","","A","1297","D","2","D"
"20192","04177261","39","0","1","105","D","","A","295","D","2","D"
"20192","04177901","16","0","1","105","D","","A","100","D","1","D"
"20192","04177931","35","0","1","200","D","","A","200","D","2","D"
"20192","04178291","22","0","1","105","D","","A","300","D","1","D"
"20192","04178421","40","0","1","105","D","","A","314","D","1","D"
"20192","04178511","29","0","1","105","D","","A","540","D","1","D"
"20192","04178861","13","0","1","105","D","","A","289","F","2","D"
"20192","04179101","28","0","1","105","D","","A","130","D","1","D"
"20192","04179182","15","0","1","105","D","","A","80","D","2","D"
"20192","04179411","11","0","1","105","D","","A","131","D","1","D"
"20192","04179821","26","0","1","105","D","","A","220","D","1","D"
"20192","04180241","8","0","1","105","D","","A","180","D","2","D"
"20192","04180341","14","0","1","105","D","","A","300","D","2","D"
"20192","04180941","27","0","1","105","D","","A","500","D","2","D"
"20192","04181532","16","0","1","105","D","","A","180","D","1","D"
"20192","04181911","16","0","1","105","D","","A","225","F","2","D"
"20192","04182564","17","0","1","105","D","","A","330","D","2","D"
"20192","04182721","29","0","1","105","D","","A","310","D","1","D"
"20192","04183581","21","0","1","105","D","","A","575","D","1","D"
"20192","04184251","11","0","1","105","D","","A","200","D","1","D"
"20192","04184264","62","0","1","105","D","","A","165","D","2","D"
"20192","04184264","63","0","1","105","D","","A","140","D","1","D"
"20192","04184461","34","0","1","105","D","","A","200","D","2","D"
"20192","04186951","25","0","1","105","D","","A","60","D","1","D"
"20192","04187031","14","0","1","105","D","","A","147","D","1","D"
"20192","04187031","15","0","1","105","D","","A","144","D","1","D"
"20192","04187111","31","0","1","105","D","","A","550","D","2","D"
"20192","04187401","37","0","1","105","D","","A","80","D","1","D"
"20192","04187411","57","0","1","105","D","","A","600","D","1","D"
"20192","04187921","35","0","1","105","D","","A","212","D","1","D"
"20192","04187921","36","0","1","105","D","","A","88","D","1","D"
"20192","04188301","34","0","1","105","D","","A","578","D","1","D"
"20192","04189231","60","0","1","105","D","","A","82","D","1","D"
"20192","04189231","61","0","1","105","D","1.0","D","0","D","1","D"
"20192","04189431","30","0","1","105","D","","A","283","D","2","D"
"20192","04189801","11","0","1","105","D","","A","600","D","1","D"
"20192","04191221","8","0","1","105","D","","A","70","D","2","D"
"20192","04191331","23","0","1","150","D","","A","10","D","2","D"
"20192","04191441","19","0","1","105","D","","A","45","D","2","D"
"20192","04191611","35","0","1","105","D","","A","450","D","1","D"
"20192","04192451","17","0","1","105","D","","A","35","D","1","D"
"20192","04193891","22","0","1","105","D","","A","350","D","1","D"
"20192","04194281","8","0","1","105","D","","A","240","D","1","D"
"20192","04194381","24","0","1","105","D","","A","225","F","1","D"
"20192","04194611","16","0","1","105","D","","A","80","D","2","D"
"20192","04194781","20","0","1","105","D","","A","36","D","2","D"
"20192","04194851","21","0","1","105","D","","A","53","D","1","D"
"20192","04194851","22","0","1","105","D","","A","110","D","1","D"
"20192","04194911","22","0","1","105","D","","A","350","D","1","D"
"20192","04195491","17","0","1","105","D","","A","300","D","1","D"
"20192","04195601","16","0","1","105","D","","A","750","D","1","D"
"20192","04195861","12","0","1","105","D","","A","450","D","1","D"
"20192","04195881","16","0","1","105","D","","A","2","D","2","D"
"20192","04196101","18","0","1","105","D","","A","465","D","1","D"
"20192","04196971","33","0","1","105","D","1.0","D","0","D","2","D"
"20192","04197671","18","0","1","105","D","","A","250","D","1","D"
"20192","04198711","43","0","1","105","D","","A","287","D","1","D"
"20192","04199411","56","0","1","150","D","","A","100","D","1","D"
"20192","04199411","57","0","1","160","D","","A","400","D","1","D"
"20192","04199421","25","0","1","105","D","","A","250","D","1","D"
"20192","04199421","26","0","1","105","D","","A","320","D","1","D"
"20192","04199651","21","0","1","105","D","","A","1130","D","1","D"
"20192","04199861","31","0","1","105","D","","A","700","D","1","D"
"20192","04200111","21","0","1","105","D","","A","372","D","1","D"
"20192","04200141","26","0","1","105","D","","A","1400","D","2","D"
"20192","04200293","26","0","1","105","D","","A","700","D","1","D"
"20192","04201841","30","0","1","105","D","","A","127","D","1","D"
"20192","04201861","36","0","1","180","D","","A","70","D","1","D"
"20192","04202381","17","0","1","105","D","1.0","D","0","D","2","D"
"20192","04202421","38","0","1","105","D","","A","250","D","1","D"
"20192","04202531","14","0","1","105","D","","A","300","D","1","D"
"20192","04203641","11","0","1","105","D","","A","65","D","1","D"
"20192","04204401","33","0","1","105","D","","A","30","D","1","D"
"20192","04204681","19","0","1","105","D","","A","35","D","2","D"
"20193","04006934","12","0","1","105","D","","A","270","D","1","D"
"20193","04008384","28","0","1","105","D","","A","200","D","1","D"
"20193","04008534","17","0","1","105","D","","A","84","D","1","D"
"20193","04008924","52","0","1","105","D","","A","197","D","1","D"
"20193","04009044","27","0","1","105","D","","A","500","D","2","D"
"20193","04009064","27","0","1","105","D","","A","300","D","1","D"
"20193","04009214","43","0","1","105","D","","A","400","D","1","D"
"20193","04009484","28","0","1","105","D","","A","222","D","1","D"
"20193","04009924","22","0","1","105","D","","A","344","D","1","D"
"20193","04011574","10","0","1","105","D","","A","200","D","1","D"
"20193","04011744","35","0","1","105","D","","A","735","D","1","D"
"20193","04012554","30","0","1","105","D","","A","897","D","1","D"
"20193","04012554","31","0","1","170","D","","A","25","D","1","D"
"20193","04013014","56","0","1","105","D","","A","546","D","1","D"
"20193","04013314","21","0","1","105","D","","A","45","D","2","D"
"20193","04015604","45","0","1","200","D","","A","45","D","2","D"
"20193","04016424","14","0","1","105","D","","A","340","D","1","D"
"20193","04017034","51","0","1","105","D","","A","190","D","1","D"
"20193","04017034","52","0","1","105","D","","A","160","D","1","D"
"20193","04017034","53","0","1","105","D","","A","83","D","1","D"
"20193","04017034","54","0","1","105","D","","A","146","D","1","D"
"20193","04017144","33","0","1","105","D","","A","200","D","1","D"
"20193","04027714","24","0","1","105","D","","A","1040","D","2","D"
"20193","04027824","38","0","1","105","D","","A","330","D","1","D"
"20193","04028244","15","0","1","105","D","","A","2400","D","2","D"
"20193","04029034","31","0","1","105","D","","A","100","D","1","D"
"20193","04031604","25","0","1","105","D","","A","513","D","2","D"
"20193","04032284","30","0","1","105","D","","A","280","D","1","D"
"20193","04032434","36","0","1","105","D","","A","150","D","2","D"
"20193","04032564","32","0","1","105","D","","A","930","D","1","D"
"20193","04033434","24","0","1","105","D","","A","500","D","2","D"
"20193","04033734","47","0","1","160","D","","A","150","D","2","D"
"20193","04034164","30","0","1","105","D","","A","100","D","1","D"
"20193","04034254","29","0","1","105","D","","A","406","D","1","D"
"20193","04034404","60","0","1","105","D","","A","90","D","1","D"
"20193","04034404","61","0","1","105","D","","A","90","D","1","D"
"20193","04034404","62","0","1","105","D","","A","90","D","1","D"
"20193","04034994","28","0","1","105","D","","A","250","D","1","D"
"20193","04035744","21","0","1","105","D","","A","214","D","1","D"
"20193","04035874","55","0","1","105","D",".50","D","700","D","1","D"
"20193","04036044","41","0","1","105","D","","A","400","D","1","D"
"20193","04036534","33","0","1","170","D","","A","28","D","1","D"
"20193","04038264","48","0","1","105","D","","A","500","D","2","D"
"20193","04039314","29","0","1","105","D","","A","375","D","1","D"
"20193","04039644","44","0","1","160","D","","A","50","D","2","D"
"20193","04039684","51","0","1","105","D","","A","20","D","2","D"
"20193","04040474","24","0","1","105","D","","A","260","D","1","D"
"20193","04040514","28","0","1","105","D","","A","450","D","1","D"
"20193","04040854","39","0","1","105","D","","A","390","F","2","D"
"20193","04041334","21","0","1","105","D","","A","270","D","1","D"
"20193","04041374","26","0","1","105","D","","A","150","D","1","D"
"20193","04041574","44","0","1","105","D","","A","150","D","2","D"
"20193","04042604","23","0","1","105","D","","A","130","D","1","D"
"20193","04043264","21","0","1","105","D","","A","747","D","1","D"
"20193","04043434","38","0","1","160","D","","A","240","D","2","D"
"20193","04045134","41","0","1","105","D","","A","620","D","1","D"
"20193","04047054","11","0","1","105","D","","A","400","D","1","D"
"20193","04047814","38","0","1","105","D","","A","534","D","1","D"
"20193","04047814","39","0","1","105","D","","A","612","D","1","D"
"20193","04048574","33","0","1","105","D","","A","400","D","1","D"
"20193","04069723","15","0","1","105","D","","A","200","D","1","D"
"20193","04073813","9","0","1","105","D","","A","351","F","2","D"
"20193","04074323","15","0","1","105","D","","A","83","D","1","D"
"20193","04074883","19","0","1","105","D","","A","450","D","2","D"
"20193","04075083","36","0","1","105","D","","A","270","D","1","D"
"20193","04075493","8","0","1","105","D","","A","60","D","1","D"
"20193","04077053","45","0","1","105","D","","A","450","D","1","D"
"20193","04077783","28","0","1","105","D","","A","600","D","1","D"
"20193","04077793","22","0","1","105","D","","A","109","D","1","D"
"20193","04078613","45","0","1","105","D","","A","460","D","2","D"
"20193","04090793","32","0","1","105","D","","A","421","D","2","D"
"20193","04091503","19","0","1","170","D","","A","30","D","1","D"
"20193","04091893","20","0","1","105","D","","A","750","D","2","D"
"20193","04092513","19","0","1","105","D","","A","321","F","2","D"
"20193","04092873","25","0","1","150","D","","A","60","F","2","D"
"20193","04092913","51","0","1","105","D","","A","800","D","2","D"
"20193","04093453","55","0","1","160","D","","A","75","D","1","D"
"20193","04093453","56","0","1","170","D","","A","50","D","1","D"
"20193","04094013","30","0","1","160","D","","A","120","D","1","D"
"20193","04094043","27","0","1","105","D","","A","136","D","1","D"
"20193","04094343","9","0","1","105","D","","A","750","D","1","D"
"20193","04094343","10","0","1","105","D","","A","200","D","2","D"
"20193","04094393","39","0","1","105","D","","A","250","D","1","D"
"20193","04094703","55","0","1","105","D","","A","240","D","1","D"
"20193","04094703","56","0","1","105","D","1.0","D","0","D","2","D"
"20193","04094703","57","0","1","105","D","1.0","D","0","D","2","D"
"20193","04094703","58","0","1","105","D","1.0","D","0","D","1","D"
"20193","04094983","52","0","1","105","D","","A","500","D","1","D"
"20193","04095443","34","0","1","105","D","","A","1000","D","1","D"
"20193","04095803","12","0","1","105","D","","A","700","D","1","D"
"20193","04096003","40","0","1","105","D","","A","180","D","1","D"
"20193","04096013","20","0","1","105","D","","A","186","D","2","D"
"20193","04096353","25","0","1","105","D","","A","330","D","2","D"
"20193","04097403","51","0","1","105","D","","A","650","D","1","D"
"20193","04097943","39","0","1","105","D","","A","340","D","2","D"
"20193","04098073","41","0","1","105","D","","A","461","D","1","D"
"20193","04098113","16","0","1","105","D","","A","115","D","2","D"
"20193","04098883","41","0","1","105","D","","A","270","D","1","D"
"20193","04099223","50","0","1","105","D","","A","240","D","1","D"
"20193","04100813","34","0","1","105","D","","A","225","D","1","D"
"20193","04100833","68","0","1","105","D","","A","600","D","1","D"
"20193","04101053","34","0","1","105","D","","A","100","D","1","D"
"20193","04103533","36","0","1","105","D","","A","629","D","1","D"
"20193","04105043","15","0","1","105","D","","A","200","D","1","D"
"20193","04105463","12","0","1","105","D","1.0","D","0","D","1","D"
"20193","04106503","34","0","1","105","D","","A","110","D","1","D"
"20193","04106503","35","0","1","105","D","","A","100","D","1","D"
"20193","04106503","36","0","1","105","D","","A","360","D","1","D"
"20193","04107213","9","0","1","105","D","","A","40","D","2","D"
"20193","04108933","19","0","1","105","D","","A","174","D","1","D"
"20193","04108933","20","0","1","105","D","","A","174","D","1","D"
"20193","04109383","37","0","1","105","D","","A","150","D","1","D"
"20193","04109913","38","0","1","105","D","","A","750","D","1","D"
"20193","04110023","52","0","1","105","D","","A","525","D","1","D"
"20193","04110723","26","0","1","105","D","","A","385","D","1","D"
"20193","04110873","23","0","1","105","D","","A","360","D","1","D"
"20193","04111103","42","0","1","105","D","","A","240","D","2","D"
"20193","04173512","17","0","1","105","D","","A","350","D","1","D"
"20193","04173642","44","0","1","105","D","","A","300","D","1","D"
"20193","04174302","14","0","1","150","D","","A","60","F","2","D"
"20193","04175092","14","0","1","105","D","","A","400","D","1","D"
"20193","04175732","25","0","1","105","D","","A","260","D","1","D"
"20193","04175862","14","0","1","105","D","","A","250","D","1","D"
"20193","04175922","34","0","1","105","D","","A","340","D","1","D"
"20193","04175962","31","0","1","105","D","","A","300","D","1","D"
"20193","04176532","53","0","1","105","D","","A","50","D","2","D"
"20193","04177042","20","0","1","105","D","","A","250","D","1","D"
"20193","04177572","18","0","1","105","D","","A","725","D","1","D"
"20193","04177902","26","0","1","105","D","","A","300","D","1","D"
"20193","04178112","29","0","1","105","D","","A","75","D","1","D"
"20193","04178472","34","0","1","105","D","","A","551","D","1","D"
"20193","04178592","22","0","1","105","D","","A","300","D","1","D"
"20193","04178852","25","0","1","105","D","","A","150","D","1","D"
"20193","04179812","41","0","1","105","D","","A","300","D","1","D"
"20193","04179892","29","0","1","105","D","","A","800","D","1","D"
"20193","04179892","30","0","1","105","D","","A","200","D","1","D"
"20193","04181842","34","0","1","105","D","","A","438","D","1","D"
"20193","04183362","56","0","1","105","D","","A","429","D","1","D"
"20193","04184012","58","0","1","105","D","","A","400","D","1","D"
"20193","04184902","25","0","1","105","D","","A","40","D","2","D"
"20193","04185332","17","0","1","105","D","","A","55","D","1","D"
"20193","04185782","36","0","1","105","D","","A","70","D","2","D"
"20193","04186902","39","0","1","105","D","","A","234","D","2","D"
"20193","04187144","24","0","1","105","D","","A","200","D","1","D"
"20193","04187242","34","0","1","105","D","","A","99","D","1","D"
"20193","04187402","41","0","1","105","D","","A","560","D","1","D"
"20193","04187652","34","0","1","105","D","","A","140","D","1","D"
"20193","04187662","30","0","1","105","D","","A","500","D","1","D"
"20193","04188342","30","0","1","105","D","","A","130","D","1","D"
"20193","04190723","48","0","1","105","D","","A","76","D","1","D"
"20193","04191222","29","0","1","105","D","","A","200","D","1","D"
"20193","04191402","38","0","1","105","D","","A","1120","D","1","D"
"20193","04193162","23","0","1","105","D","","A","1000","D","1","D"
"20193","04193412","46","0","1","105","D","","A","195","D","1","D"
"20193","04193472","11","0","1","180","D","","A","100","D","2","D"
"20193","04193712","19","0","1","180","D","","A","122","D","1","D"
"20193","04194142","50","0","1","105","D","","A","126","D","1","D"
"20193","04194142","51","0","1","105","D","","A","124","D","1","D"
"20193","04194202","62","0","1","105","D","","A","966","D","1","D"
"20193","04194202","63","0","1","105","D","","A","235","D","1","D"
"20193","04194382","32","0","1","105","D","","A","450","D","1","D"
"20193","04194612","26","0","1","105","D","","A","122","D","2","D"
"20193","04194912","32","0","1","160","D","","A","804","D","2","D"
"20193","04194962","8","0","1","105","D","","A","116","D","1","D"
"20193","04195232","12","0","1","105","D","","A","120","D","1","D"
"20193","04195412","15","0","1","105","D","","A","550","D","2","D"
"20193","04195652","18","0","1","105","D","","A","504","D","1","D"
"20193","04195862","14","0","1","105","D","","A","250","D","1","D"
"20193","04197062","54","0","1","105","D","","A","57","D","1","D"
"20193","04197832","15","0","1","105","D","","A","349","D","1","D"
"20193","04199452","22","0","1","105","D","","A","396","D","2","D"
"20193","04200622","30","0","1","105","D","","A","515","D","1","D"
"20193","04201322","31","0","1","105","D","","A","800","D","1","D"
"20193","04201782","39","0","1","105","D","","A","285","D","1","D"
"20193","04201842","37","0","1","105","D","","A","106","D","1","D"
"20193","04202542","54","0","1","200","D","","A","500","D","1","D"
"20193","04202542","55","0","1","200","D","","A","90","D","2","D"
"20193","04203342","13","0","1","105","D","","A","400","D","2","D"
"20193","04203402","17","0","1","105","D","","A","600","D","1","D"
"20193","04203592","19","0","1","105","D","","A","600","D","1","D"
"20193","04203642","23","0","1","105","D","","A","850","D","1","D"
"20193","04204242","52","0","1","105","D","","A","450","D","1","D"
"20193","04215211","10","0","1","105","D","","A","135","D","2","D"
"20193","04216101","32","0","1","200","D","","A","90","D","2","D"
"20193","04216271","21","0","1","105","D","","A","300","D","1","D"
"20193","04216491","13","0","1","105","D","","A","385","F","1","D"
"20193","04216651","17","0","1","105","D","","A","300","D","2","D"
"20193","04216801","51","0","1","150","D","","A","60","D","2","D"
"20193","04216981","38","0","1","105","D","","A","1100","D","1","D"
"20193","04217071","37","0","1","105","D","","A","90","D","2","D"
"20193","04217183","29","0","1","105","D","","A","500","D","1","D"
"20193","04217311","36","0","1","105","D","","A","625","D","1","D"
"20193","04217701","56","0","1","105","D","","A","365","D","1","D"
"20193","04218441","39","0","1","105","D","","A","95","D","1","D"
"20193","04218621","15","0","1","105","D","","A","45","D","2","D"
"20193","04220031","42","0","1","105","D","","A","500","D","1","D"
"20193","04220311","16","0","1","105","D","","A","1300","D","1","D"
"20193","04220871","13","0","1","105","D","","A","900","D","1","D"
"20193","04221671","17","0","1","105","D","","A","200","D","1","D"
"20193","04221961","20","0","1","105","D","","A","1000","D","2","D"
"20193","04222691","36","0","1","200","D","","A","69","D","2","D"
"20193","04223021","26","0","1","105","D","","A","250","D","1","D"
"20193","04223121","15","0","1","105","D","","A","400","D","1","D"
"20193","04223131","35","0","1","105","D","","A","55","D","2","D"
"20193","04223281","35","0","1","105","D","","A","680","D","1","D"
"20193","04223471","30","0","1","105","D","","A","180","D","1","D"
"20193","04224871","14","0","1","105","D","","A","300","D","1","D"
"20193","04225191","15","0","1","105","D","","A","385","F","1","D"
"20193","04225191","16","0","1","105","D","","A","1000","D","2","D"
"20193","04225571","34","0","1","105","D","","A","350","D","1","D"
"20193","04225671","17","0","1","105","D","","A","250","D","1","D"
"20193","04226082","25","0","1","105","D","","A","450","D","1","D"
"20193","04226154","15","0","1","105","D","","A","321","F","2","D"
"20193","04227331","23","0","1","105","D","","A","120","D","1","D"
"20193","04227721","38","0","1","105","D","","A","200","D","2","D"
"20193","04227841","15","0","1","105","D","","A","200","D","1","D"
"20193","04227991","36","0","1","105","D","","A","167","D","2","D"
"20193","04228021","12","0","1","105","D","","A","200","D","1","D"
"20193","04228351","30","0","1","105","D","","A","70","D","2","D"
"20193","04228481","28","0","1","105","D","","A","350","D","1","D"
"20193","04228631","25","0","1","105","D","","A","180","D","1","D"
"20193","04229421","15","0","1","105","D","","A","609","D","2","D"
"20193","04229421","16","0","1","170","D","","A","1180","D","2","D"
"20193","04229771","39","0","1","105","D","","A","360","D","1","D"
"20193","04229771","40","0","1","105","D","","A","25","D","2","D"
"20193","04229921","42","0","1","105","D","","A","1200","D","1","D"
"20193","04229942","19","0","1","105","D","","A","132","D","2","D"
"20193","04230111","31","0","1","105","D","","A","490","D","1","D"
"20193","04230541","15","0","1","105","D","","A","700","D","1","D"
"20193","04230821","31","0","1","105","D","","A","85","D","1","D"
"20193","04231021","12","0","1","105","D","","A","167","D","2","D"
"20193","04231721","21","0","1","105","D","","A","193","D","2","D"
"20193","04232771","17","0","1","105","D","","A","75","D","2","D"
"20193","04233421","23","0","1","105","D","","A","1200","D","1","D"
"20193","04233514","9","0","1","105","D","","A","370","D","2","D"
"20193","04234021","22","0","1","105","D","","A","600","D","1","D"
"20193","04234611","17","0","1","105","D","","A","125","D","2","D"
"20193","04234671","3","0","1","105","D","","A","400","D","1","D"
"20193","04235241","8","0","1","105","D","","A","800","D","2","D"
"20193","04235961","43","0","1","105","D","","A","351","F","1","D"
"20193","04237231","21","0","1","105","D","","A","400","D","1","D"
"20193","04237411","30","0","1","105","D","","A","550","D","2","D"
"20193","04237431","8","0","1","105","D","","A","300","D","2","D"
"20193","04237431","9","0","1","105","D","","A","400","D","2","D"
"20193","04238631","37","0","1","105","D","","A","160","D","1","D"
"20193","04239151","18","0","1","105","D","","A","300","D","1","D"
"20193","04239251","64","0","1","105","D","","A","396","D","1","D"
"20193","04239371","27","0","1","105","D","","A","220","D","1","D"
"20193","04239401","27","0","1","105","D","","A","180","D","2","D"
"20193","04239631","12","0","1","105","D","","A","128","D","1","D"
"20193","04239631","13","0","1","200","D","","A","6","D","2","D"
"20193","04240061","21","0","1","105","D","","A","300","D","1","D"
"20193","04240551","30","0","1","105","D","","A","250","D","1","D"
"20193","04242251","11","0","1","105","D","","A","500","D","1","D"
"20193","04242291","19","0","1","105","D","","A","60","D","1","D"
"20193","04242541","10","0","1","105","D","","A","675","D","2","D"
"20193","04242591","19","0","1","105","D","","A","60","D","2","D"
"20193","04243191","35","0","1","105","D","","A","350","D","1","D"
"20193","04243191","36","0","1","200","D","","A","75","D","1","D"
"20193","04243411","40","0","1","105","D","","A","80","D","1","D"
"20193","04243411","41","0","1","105","D","","A","200","D","1","D"
"20193","04243621","20","0","1","105","D","","A","600","D","2","D"
"20193","04243631","39","0","1","105","D","","A","500","D","1","D"
"20193","04243883","13","0","1","105","D","","A","400","D","1","D"
"20193","04244061","20","0","1","105","D","","A","316","F","2","D"
"20193","04244502","19","0","1","105","D","","A","100","D","2","D"
"20193","04244881","24","0","1","180","D","","A","150","D","1","D"
"20193","04245571","19","0","1","105","D","","A","200","D","1","D"
"20193","04246261","23","0","1","105","D","","A","160","D","1","D"
"20193","04246261","24","0","1","105","D","","A","194","D","1","D"
"20193","04246261","25","0","1","105","D","","A","168","D","1","D"
"20193","04246301","46","0","1","105","D","","A","505","D","1","D"
"20193","04246311","31","0","1","105","D","","A","50","D","2","D"
"20193","04246371","11","0","1","105","D","","A","100","D","1","D"
"20194","04069474","35","0","1","105","D","","A","540","D","1","D"
"20194","04069594","15","0","1","105","D","","A","175","D","1","D"
"20194","04070454","31","0","1","105","D","","A","90","D","2","D"
"20194","04071844","12","0","1","105","D","","A","110","D","1","D"
"20194","04071884","20","0","1","200","D","","A","70","D","2","D"
"20194","04071994","64","0","1","105","D","","A","25","D","2","D"
"20194","04073414","34","0","1","105","D",".50","D","290","D","1","D"
"20194","04075494","7","0","1","105","D","","A","92","D","1","D"
"20194","04075494","8","0","1","105","D","","A","109","D","1","D"
"20194","04075494","9","0","1","105","D","","A","88","D","1","D"
"20194","04076204","35","0","1","105","D","","A","1500","D","1","D"
"20194","04076844","40","0","1","105","D","","A","1000","D","1","D"
"20194","04077904","16","0","1","105","D","","A","230","D","1","D"
"20194","04078834","24","0","1","105","D","","A","70","D","2","D"
"20194","04079644","39","0","1","105","D","","A","40","D","2","D"
"20194","04079884","25","0","1","105","D","","A","250","D","2","D"
"20194","04092914","49","0","1","105","D","","A","1340","D","2","D"
"20194","04093924","65","0","1","105","D","","A","57","D","1","D"
"20194","04094424","17","0","1","105","D","","A","200","D","2","D"
"20194","04094884","55","0","1","105","D","","A","300","D","1","D"
"20194","04095444","34","0","1","105","D","","A","300","D","2","D"
"20194","04095764","35","0","1","105","D","","A","323","D","2","D"
"20194","04096354","23","0","1","105","D","","A","300","D","1","D"
"20194","04097744","45","0","1","105","D","","A","396","D","2","D"
"20194","04099674","40","0","1","180","D","","A","15","D","2","D"
"20194","04101054","29","0","1","105","D","","A","200","D","1","D"
"20194","04101784","15","0","1","105","D","","A","29","D","2","D"
"20194","04102634","13","0","1","105","D","","A","257","D","2","D"
"20194","04103904","7","0","1","105","D","","A","110","D","1","D"
"20194","04104714","18","0","1","105","D","","A","50","D","2","D"
"20194","04104884","70","0","1","105","D","","A","450","D","1","D"
"20194","04104884","71","0","1","105","D","","A","40","D","2","D"
"20194","04106834","35","0","1","105","D","","A","200","D","1","D"
"20194","04106904","66","0","1","105","D","","A","51","D","2","D"
"20194","04108094","31","0","1","105","D","","A","54","D","2","D"
"20194","04109914","39","0","1","105","D","","A","450","D","1","D"
"20194","04109994","55","0","1","105","D","","A","280","D","2","D"
"20194","04110044","37","0","1","105","D","","A","200","D","2","D"
"20194","04110604","21","0","1","105","D","","A","1020","D","1","D"
"20194","04110994","63","0","1","105","D","","A","50","D","2","D"
"20194","04173483","12","0","1","105","D",".80","D","60","D","1","D"
"20194","04173513","15","0","1","105","D","","A","95","D","2","D"
"20194","04173573","34","0","1","160","D","","A","1100","D","1","D"
"20194","04174143","24","0","1","105","D","","A","30","D","2","D"
"20194","04174153","14","0","1","200","D","","A","30","D","2","D"
"20194","04175073","30","0","1","105","D","","A","220","D","1","D"
"20194","04175533","38","0","1","105","D","","A","864","D","1","D"
"20194","04176923","28","0","1","105","D","","A","135","D","1","D"
"20194","04177263","44","0","1","105","D","","A","462","D","2","D"
"20194","04177573","20","0","1","105","D","","A","777","D","1","D"
"20194","04177723","26","0","1","105","D","","A","750","D","1","D"
"20194","04177733","10","0","1","105","D","","A","150","D","2","D"
"20194","04178593","22","0","1","105","D","","A","150","D","1","D"
"20194","04178633","11","0","1","105","D","","A","291","F","1","D"
"20194","04178933","41","0","1","105","D","","A","127","D","1","D"
"20194","04178993","41","0","1","170","D","","A","75","D","1","D"
"20194","04179233","4","0","1","105","D","","A","250","D","2","D"
"20194","04179593","28","0","1","105","D","","A","480","D","1","D"
"20194","04180583","32","0","1","105","D","","A","336","D","1","D"
"20194","04181064","16","0","1","105","D","","A","800","D","2","D"
"20194","04181473","19","0","1","105","D","","A","200","D","1","D"
"20194","04183663","6","0","1","105","D","","A","200","D","1","D"
"20194","04184493","44","0","1","105","D","","A","20","D","2","D"
"20194","04184513","34","0","1","105","D","","A","340","D","1","D"
"20194","04184913","25","0","1","105","D","","A","1057","D","1","D"
"20194","04184943","63","0","1","105","D","","A","718","D","1","D"
"20194","04187113","14","0","1","105","D","","A","600","D","2","D"
"20194","04188343","37","0","1","105","D","","A","190","D","1","D"
"20194","04188343","38","0","1","105","D","","A","254","D","1","D"
"20194","04188583","47","0","1","105","D","","A","400","D","1","D"
"20194","04189753","39","0","1","170","D","","A","20","D","1","D"
"20194","04191223","26","0","1","105","D","","A","218","D","1","D"
"20194","04191403","45","0","1","105","D","","A","119","D","2","D"
"20194","04192723","6","0","1","105","D",".50","D","138","D","1","D"
"20194","04192733","36","0","1","105","D","","A","600","D","1","D"
"20194","04194383","37","0","1","105","D","","A","250","D","1","D"
"20194","04194913","35","0","1","105","D","","A","156","D","1","D"
"20194","04195113","13","0","1","105","D","","A","300","D","2","D"
"20194","04195763","23","0","1","105","D","","A","215","D","1","D"
"20194","04195963","19","0","1","105","D","","A","250","D","2","D"
"20194","04196333","19","0","1","105","D","","A","200","D","1","D"
"20194","04197063","83","0","1","105","D","","A","125","D","1","D"
"20194","04197083","39","0","1","105","D","","A","300","D","1","D"
"20194","04202073","52","0","1","105","D","","A","480","D","1","D"
"20194","04203603","23","0","1","105","D","","A","300","D","1","D"
"20194","04203643","21","0","1","105","D","","A","300","D","1","D"
"20194","04204013","22","0","1","105","D","","A","389","D","1","D"
"20194","04204113","43","0","1","105","D","","A","49","D","1","D"
"20194","04215912","35","0","1","105","D","","A","550","D","1","D"
"20194","04215982","38","0","1","105","D","","A","350","D","1","D"
"20194","04216982","37","0","1","105","D","","A","795","D","1","D"
"20194","04217102","26","0","1","105","D","","A","850","D","1","D"
"20194","04217102","27","0","1","105","D","","A","450","D","1","D"
"20194","04217502","22","0","1","105","D","","A","400","D","1","D"
"20194","04218212","35","0","1","105","D","","A","125","D","1","D"
"20194","04218442","36","0","1","105","D","","A","250","D","1","D"
"20194","04220182","9","0","1","105","D","","A","175","D","2","D"
"20194","04220402","45","0","1","105","D","","A","200","D","1","D"
"20194","04220612","31","0","1","105","D","","A","77","D","1","D"
"20194","04220782","36","0","1","160","D","","A","256","D","1","D"
"20194","04221052","23","0","1","105","D","","A","600","D","1","D"
"20194","04221382","30","0","1","105","D","","A","135","D","2","D"
"20194","04221962","35","0","1","105","D","","A","100","D","1","D"
"20194","04223522","40","0","1","105","D","","A","172","D","1","D"
"20194","04224482","38","0","1","105","D","","A","20","D","2","D"
"20194","04224492","44","0","1","105","D","","A","500","D","2","D"
"20194","04224932","28","0","1","105","D","","A","400","D","1","D"
"20194","04225162","23","0","1","105","D","","A","200","D","1","D"
"20194","04225492","19","0","1","105","D","","A","40","D","1","D"
"20194","04226232","10","0","1","105","D","","A","400","F","2","D"
"20194","04226452","16","0","1","105","D","","A","45","D","1","D"
"20194","04226472","10","0","1","105","D","","A","100","D","2","D"
"20194","04229132","20","0","1","105","D","","A","150","D","2","D"
"20194","04229222","6","0","1","105","D","","A","129","D","1","D"
"20194","04229592","30","0","1","105","D","","A","240","D","1","D"
"20194","04230552","18","0","1","105","D","","A","500","D","1","D"
"20194","04230792","21","0","1","105","D","","A","200","D","1","D"
"20194","04233012","41","0","1","105","D","","A","64","D","1","D"
"20194","04234612","20","0","1","105","D","","A","1200","D","1","D"
"20194","04235542","24","0","1","105","D","","A","400","D","1","D"
"20194","04235842","66","0","1","105","D","","A","312","D","1","D"
"20194","04237002","11","0","1","105","D","1.0","D","0","D","1","D"
"20194","04238012","26","0","1","105","D","","A","400","D","1","D"
"20194","04238742","19","0","1","105","D","","A","200","D","1","D"
"20194","04239252","75","0","1","105","D","","A","450","D","1","D"
"20194","04239362","23","0","1","105","D","","A","150","D","1","D"
"20194","04239692","40","0","1","105","D","","A","297","D","1","D"
"20194","04239722","25","0","1","105","D","","A","380","D","1","D"
"20194","04240552","40","0","1","105","D","","A","150","D","1","D"
"20194","04240752","22","0","1","105","D","","A","187","D","2","D"
"20194","04241422","25","0","1","105","D","","A","450","D","2","D"
"20194","04241762","21","0","1","105","D","","A","500","D","1","D"
"20194","04243192","42","0","1","105","D","","A","500","D","1","D"
"20194","04244062","24","0","1","105","D","","A","1164","D","2","D"
"20194","04245572","27","0","1","105","D","","A","100","D","2","D"
"20194","04246372","16","0","1","105","D","","A","120","D","1","D"
"20194","04267151","37","0","1","105","D","","A","200","D","1","D"
"20194","04267351","32","0","1","135","D","","A","1000","D","1","D"
"20194","04267921","18","0","1","105","D","","A","800","D","1","D"
"20194","04268561","21","0","1","105","D","","A","350","D","1","D"
"20194","04268761","33","0","1","105","D","","A","600","D","1","D"
"20194","04268831","15","0","1","105","D","","A","200","D","2","D"
"20194","04269541","33","0","1","105","D","","A","1300","D","1","D"
"20194","04270321","48","0","1","105","D","","A","600","D","1","D"
"20194","04270741","28","0","1","105","D","","A","100","D","2","D"
"20194","04270951","37","0","1","105","D","","A","399","F","1","D"
"20194","04271161","64","0","1","150","D","","A","5","D","2","D"
"20194","04271241","22","0","1","105","D","","A","193","D","1","D"
"20194","04271311","18","0","1","105","D","","A","275","D","1","D"
"20194","04272001","24","0","1","105","D","","A","900","D","1","D"
"20194","04272181","30","0","1","105","D","","A","900","D","2","D"
"20194","04272421","20","0","1","105","D","","A","140","D","2","D"
"20194","04272841","14","0","1","105","D",".90","D","20","D","1","D"
"20194","04273392","12","0","1","105","D","1.0","D","0","D","1","D"
"20194","04273901","35","0","1","105","D","","A","320","D","1","D"
"20194","04274891","32","0","1","105","D","","A","450","D","1","D"
"20194","04274891","33","0","1","105","D","","A","100","D","1","D"
"20194","04275211","11","0","1","105","D","","A","56","D","1","D"
"20194","04275251","31","0","1","105","D","","A","1000","D","1","D"
"20194","04275483","77","0","1","105","D","","A","210","D","2","D"
"20194","04275551","21","0","1","105","D","","A","100","D","1","D"
"20194","04277091","23","0","1","105","D","","A","50","D","2","D"
"20194","04278481","31","0","1","105","D","","A","200","D","1","D"
"20194","04279271","13","0","1","105","D","","A","500","D","1","D"
"20194","04279791","19","0","1","105","D","","A","676","D","1","D"
"20194","04280311","22","0","1","105","D","","A","180","D","2","D"
"20194","04280891","10","0","1","105","D","","A","1200","D","2","D"
"20194","04280972","13","0","1","105","D","","A","128","D","1","D"
"20194","04281011","24","0","1","105","D","","A","399","F","1","D"
"20194","04281333","20","0","1","105","D","","A","2500","D","1","D"
"20194","04281371","12","0","1","105","D","1.0","D","0","D","2","D"
"20194","04282711","38","0","1","105","D","","A","375","D","1","D"
"20194","04282711","39","0","1","105","D","","A","170","D","1","D"
"20194","04283231","38","0","1","105","D","","A","1000","D","2","D"
"20194","04283691","7","0","1","105","D","","A","300","D","1","D"
"20194","04283691","8","0","1","105","D","","A","300","D","1","D"
"20194","04284411","26","0","1","105","D","","A","215","D","1","D"
"20194","04285041","6","0","1","105","D","","A","300","D","1","D"
"20194","04285041","7","0","1","105","D","","A","250","D","1","D"
"20194","04285321","27","0","1","105","D","","A","450","D","1","D"
"20194","04286091","31","0","1","105","D","","A","60","D","1","D"
"20194","04286091","32","0","1","105","D","","A","400","D","1","D"
"20194","04286491","42","0","1","105","D","","A","258","D","2","D"
"20194","04288391","33","0","1","105","D","","A","124","D","1","D"
"20194","04288513","14","0","1","105","D","","A","250","D","1","D"
"20194","04288721","69","0","1","105","D","","A","600","D","1","D"
"20194","04289241","23","0","1","105","D","","A","300","D","1","D"
"20194","04289661","27","0","1","105","D","","A","400","F","2","D"
"20194","04289891","30","0","1","105","D","","A","210","D","2","D"
"20194","04291081","25","0","1","105","D","","A","600","D","1","D"
"20194","04291234","38","0","1","105","D","","A","300","D","2","D"
"20194","04291341","9","0","1","105","D","","A","150","D","1","D"
"20194","04291431","35","0","1","105","D","","A","70","D","1","D"
"20194","04291611","15","0","1","105","D","","A","333","F","2","D"
"20194","04292261","32","0","1","105","D","","A","30","D","2","D"
"20194","04292461","24","0","1","105","D","","A","1200","D","1","D"
"20194","04292461","25","0","1","105","D","","A","150","D","1","D"
"20194","04295504","22","0","1","105","D","","A","300","D","1","D"
"20194","04295521","22","0","1","105","D","","A","250","D","1","D"
"20194","04295931","18","0","1","105","D","","A","420","D","2","D"
"20194","04297291","10","0","1","105","D","","A","400","F","1","D"
"20194","04297721","14","0","1","105","D","","A","67","D","2","D"
"20194","04298701","5","0","1","105","D","","A","1029","D","2","D"
"20194","04299321","35","0","1","105","D","","A","55","D","2","D"
"20201","04172754","19","0","1","105","D","","A","250","D","2","D"
"20201","04173104","36","0","1","105","D","","A","140","D","1","D"
"20201","04173384","20","0","1","105","D","","A","220","D","1","D"
"20201","04174614","33","0","1","105","D","","A","450","D","1","D"
"20201","04175714","43","0","1","105","D","","A","500","D","1","D"
"20201","04178424","34","0","1","105","D","","A","140","D","1","D"
"20201","04178474","41","0","1","105","D","","A","649","D","1","D"
"20201","04178824","54","0","1","105","D","","A","186","D","1","D"
"20201","04179334","21","0","1","105","D","","A","147","D","2","D"
"20201","04179634","50","0","1","105","D","","A","200","D","1","D"
"20201","04183204","19","0","1","105","D","","A","950","D","2","D"
"20201","04183364","55","0","1","105","D",".80","D","93","D","1","D"
"20201","04184514","40","0","1","105","D",".50","D","440","D","1","D"
"20201","04184594","12","0","1","105","D","","A","150","D","1","D"
"20201","04185494","32","0","1","105","D","","A","300","D","1","D"
"20201","04186954","30","0","1","105","D","","A","350","D","1","D"
"20201","04187114","25","0","1","105","D","","A","400","D","2","D"
"20201","04188394","16","0","1","105","D","","A","125","D","2","D"
"20201","04190244","28","0","1","105","D","","A","274","D","1","D"
"20201","04190694","35","0","1","105","D","","A","250","D","1","D"
"20201","04191144","13","0","1","105","D","","A","40","D","2","D"
"20201","04194614","27","0","1","105","D","","A","140","D","2","D"
"20201","04194854","33","0","1","105","D","","A","244","F","1","D"
"20201","04195154","33","0","1","105","D","","A","230","D","1","D"
"20201","04195654","17","0","1","105","D","","A","365","D","1","D"
"20201","04195734","15","0","1","105","D","","A","80","D","1","D"
"20201","04196334","19","0","1","105","D","","A","200","D","1","D"
"20201","04196434","33","0","1","105","D","","A","130","D","1","D"
"20201","04196594","14","0","1","105","D","","A","480","D","2","D"
"20201","04197064","56","0","1","105","D","","A","140","D","1","D"
"20201","04198954","26","0","1","105","D","","A","540","D","1","D"
"20201","04199164","17","0","1","105","D","","A","244","F","2","D"
"20201","04199654","39","0","1","105","D","","A","100","D","1","D"
"20201","04199744","40","0","1","105","D","","A","353","D","1","D"
"20201","04199864","26","0","1","105","D","","A","700","D","1","D"
"20201","04201114","52","0","1","105","D","","A","55","D","1","D"
"20201","04201324","35","0","1","105","D","","A","140","D","1","D"
"20201","04215913","26","0","1","105","D","","A","800","D","1","D"
"20201","04216093","20","0","1","105","D","","A","200","D","1","D"
"20201","04216983","44","0","1","105","D","","A","370","D","1","D"
"20201","04217563","41","0","1","105","D","","A","200","D","2","D"
"20201","04218773","39","0","1","105","D","","A","55","D","2","D"
"20201","04219363","32","0","1","105","D","","A","421","D","1","D"
"20201","04219613","11","0","1","105","D","","A","120","D","1","D"
"20201","04221053","32","0","1","105","D","","A","169","D","1","D"
"20201","04221673","28","0","1","105","D","","A","90","D","1","D"
"20201","04222323","14","0","1","105","D","","A","500","D","2","D"
"20201","04223193","26","0","1","105","D","","A","100","D","1","D"
"20201","04223473","52","0","1","105","D","","A","125","D","1","D"
"20201","04224083","57","0","1","105","D","","A","300","D","1","D"
"20201","04224273","45","0","1","105","D","","A","600","D","1","D"
"20201","04226473","24","0","1","200","D","","A","50","D","2","D"
"20201","04227133","37","0","1","105","D","","A","237","D","2","D"
"20201","04227423","10","0","1","105","D","","A","345","D","1","D"
"20201","04227593","17","0","1","105","D","","A","326","F","1","D"
"20201","04228223","37","0","1","105","D","","A","350","D","1","D"
"20201","04228273","5","0","1","105","D","","A","840","D","1","D"
"20201","04229843","55","0","1","200","D","","A","30","D","2","D"
"20201","04232283","27","0","1","105","D","","A","548","D","2","D"
"20201","04232443","26","0","1","105","D","","A","150","D","1","D"
"20201","04232963","19","0","1","105","D","","A","60","D","1","D"
"20201","04235263","43","0","1","105","D","","A","205","D","1","D"
"20201","04235843","53","0","1","105","D","","A","350","D","1","D"
"20201","04238613","30","0","1","105","D","","A","90","D","2","D"
"20201","04238883","12","0","1","105","D","","A","372","F","2","D"
"20201","04239243","16","0","1","105","D","","A","353","F","2","D"
"20201","04240133","33","0","1","105","D","","A","375","D","1","D"
"20201","04240963","35","0","1","105","D","","A","110","D","1","D"
"20201","04241463","36","0","1","105","D","","A","202","D","1","D"
"20201","04242053","36","0","1","180","D","","A","785","D","1","D"
"20201","04243193","62","0","1","105","D",".30","D","700","D","1","D"
"20201","04244943","36","0","1","105","D","","A","1500","D","1","D"
"20201","04245573","24","0","1","105","D","","A","600","D","1","D"
"20201","04245693","46","0","1","105","D","","A","240","D","1","D"
"20201","04246253","22","0","1","105","D","","A","130","D","1","D"
"20201","04246303","61","0","1","105","D","","A","62","D","1","D"
"20201","04267304","19","0","1","105","D","","A","150","D","1","D"
"20201","04267493","6","0","1","105","D","","A","20","D","2","D"
"20201","04269123","24","0","1","105","D","","A","250","D","1","D"
"20201","04269212","18","0","1","105","D","","A","135","D","1","D"
"20201","04270952","33","0","1","105","D","","A","350","D","1","D"
"20201","04270952","34","0","1","105","D","","A","350","D","1","D"
"20201","04271422","38","0","1","105","D","","A","125","D","1","D"
"20201","04272002","24","0","1","105","D","","A","1000","D","1","D"
"20201","04272422","34","0","1","105","D","","A","140","D","2","D"
"20201","04272422","35","0","1","105","D","","A","205","D","2","D"
"20201","04272452","25","0","1","105","D","","A","150","D","1","D"
"20201","04272452","26","0","1","105","D","","A","150","D","1","D"
"20201","04272952","27","0","1","105","D","","A","136","D","1","D"
"20201","04273102","14","0","1","105","D","","A","1200","D","2","D"
"20201","04273393","24","0","1","105","D","","A","420","D","1","D"
"20201","04273902","58","0","1","105","D","","A","289","D","1","D"
"20201","04273912","19","0","1","105","D","","A","450","D","1","D"
"20201","04274892","31","0","1","105","D","","A","225","D","1","D"
"20201","04275092","34","0","1","105","D","","A","327","D","2","D"
"20201","04278732","15","0","1","105","D","","A","467","D","1","D"
"20201","04280472","18","0","1","105","D","","A","1500","D","1","D"
"20201","04281402","39","0","1","180","D","","A","200","D","1","D"
"20201","04282602","26","0","1","105","D","","A","250","D","1","D"
"20201","04282602","27","0","1","105","D","","A","160","D","1","D"
"20201","04282682","7","0","1","200","D","","A","100","D","2","D"
"20201","04282712","46","0","1","105","D","","A","170","D","1","D"
"20201","04282852","48","0","1","105","D","","A","100","D","1","D"
"20201","04282992","44","0","1","105","D","","A","170","D","1","D"
"20201","04283292","30","0","1","105","D","","A","250","D","2","D"
"20201","04287602","19","0","1","105","D","","A","400","D","1","D"
"20201","04289112","55","0","1","105","D","","A","220","D","1","D"
"20201","04289242","26","0","1","105","D","","A","650","D","1","D"
"20201","04289852","20","0","1","105","D","","A","60","D","2","D"
"20201","04289892","29","0","1","105","D","","A","450","D","1","D"
"20201","04291432","49","0","1","105","D","","A","132","D","1","D"
"20201","04291582","17","0","1","105","D","","A","100","D","1","D"
"20201","04292162","24","0","1","105","D","","A","30","D","2","D"
"20201","04294022","11","0","1","105","D","","A","126","D","2","D"
"20201","04294052","11","0","1","105","D","","A","500","D","2","D"
"20201","04294582","45","0","1","105","D","","A","1500","D","1","D"
"20201","04294862","19","0","1","105","D","","A","112","D","1","D"
"20201","04295242","53","0","1","105","D","","A","165","D","1","D"
"20201","04295622","36","0","1","105","D","","A","250","D","1","D"
"20201","04295842","29","0","1","105","D","","A","1250","D","1","D"
"20201","04297022","26","0","1","105","D","","A","450","D","1","D"
"20201","04299034","27","0","1","105","D","","A","450","D","1","D"
"20201","04299162","28","0","1","105","D","","A","300","D","1","D"
"20201","04310371","37","0","1","105","D","","A","100","D","1","D"
"20201","04310871","9","0","1","105","D","","A","379","D","2","D"
"20201","04310871","10","0","1","105","D","","A","560","D","2","D"
"20201","04312251","33","0","1","105","D","","A","500","D","1","D"
"20201","04312501","22","0","1","105","D","","A","150","D","1","D"
"20201","04313291","32","0","1","105","D","","A","400","D","1","D"
"20201","04314141","47","0","1","105","D","","A","295","D","1","D"
"20201","04314141","48","0","1","105","D","","A","176","D","1","D"
"20201","04314141","49","0","1","105","D","","A","95","D","1","D"
"20201","04314581","17","0","1","105","D","","A","1800","D","2","D"
"20201","04315051","14","0","1","105","D","","A","100","D","2","D"
"20201","04316771","35","0","1","105","D","","A","250","D","1","D"
"20201","04317761","31","0","1","105","D","","A","110","D","2","D"
"20201","04317801","20","0","1","105","D","","A","500","D","2","D"
"20201","04319971","37","0","1","105","D","","A","2700","D","2","D"
"20201","04319981","20","0","1","105","D","","A","150","D","1","D"
"20201","04319991","38","0","1","105","D","","A","400","D","1","D"
"20201","04320311","17","0","1","105","D","","A","600","D","1","D"
"20201","04320691","26","0","1","105","D","","A","200","D","1","D"
"20201","04320691","27","0","1","105","D","","A","150","D","2","D"
"20201","04320691","28","0","1","105","D","","A","150","D","1","D"
"20201","04321171","25","0","1","105","D","","A","350","D","2","D"
"20201","04321171","26","0","1","105","D","","A","245","D","2","D"
"20201","04321451","5","0","1","105","D","","A","326","F","2","D"
"20201","04322171","20","0","1","105","D","","A","175","D","2","D"
"20201","04323231","19","0","1","105","D","","A","300","D","1","D"
"20201","04323811","24","0","1","105","D","","A","250","D","1","D"
"20201","04324101","17","0","1","105","D","","A","82","D","1","D"
"20201","04324561","46","0","1","105","D","","A","1000","D","1","D"
"20201","04325431","41","0","1","105","D","","A","1000","D","1","D"
"20201","04325431","42","0","1","105","D","","A","84","D","1","D"
"20201","04325431","43","0","1","105","D","","A","75","D","1","D"
"20201","04325431","44","0","1","105","D","","A","350","D","1","D"
"20201","04327001","30","0","1","105","D","","A","400","D","2","D"
"20201","04327061","34","0","1","105","D","","A","353","F","1","D"
"20201","04327181","19","0","1","105","D","","A","500","D","1","D"
"20201","04327211","29","0","1","105","D","","A","353","F","2","D"
"20201","04327451","34","0","1","105","D","","A","800","D","1","D"
"20201","04327611","34","0","1","105","D","1.0","D","0","D","1","D"
"20201","04329571","20","0","1","105","D","","A","900","D","1","D"
"20201","04329821","22","0","1","105","D","","A","318","D","1","D"
"20201","04329831","24","0","1","105","D","","A","30","D","2","D"
"20201","04329961","44","0","1","105","D","","A","353","F","2","D"
"20201","04330591","18","0","1","105","D","","A","68","D","1","D"
"20201","04330831","27","0","1","105","D","","A","1500","D","1","D"
"20201","04331223","24","0","1","105","D","","A","1500","D","1","D"
"20201","04341481","21","0","1","105","D","","A","480","D","1","D"
"20201","04343421","32","0","1","105","D","","A","58","D","2","D"
"20201","04345591","58","0","1","105","D","","A","500","D","1","D"
"20201","04347011","24","0","1","105","D","","A","240","D","2","D"
"20201","04347481","17","0","1","105","D","","A","558","D","2","D"
"20201","04347551","58","0","1","105","D","","A","250","D","1","D"
"20201","04347761","25","0","1","105","D","","A","250","D","1","D"
"20201","04349874","22","0","1","105","D","","A","80","D","2","D"
"20201","04350481","12","0","1","105","D","","A","308","D","2","D"
"20201","04350591","21","0","1","105","D","","A","300","D","1","D"
"20201","04350611","9","0","1","105","D","","A","80","D","1","D"
"20201","04351191","34","0","1","105","D","","A","240","D","1","D"
