"QYEAR","NEWID","SEQNO","ALCNO","REC_ORIG","NUMLOC","NUMLOC_","LOCLODGX","LOCL_DGX","ALCMEALX","ALCM_ALX","ALCGROCX","ALCG_OCX","LOCADMSX","LOCA_MSX","FOODLCDL","FOOD_CDL","LODGLCDL","LODG_CDL","ENTRLCDL","ENTR_CDL","ELSELCDL","ELSE_CDL","QLCMLAX","QLCMLAX_","QLCGLAX","QLCGLAX_"
"20191","03894884","49","0","1","1","D","72","D","","A","","A","","A","","A","","A","","A","","A","","A","","A"
"20191","03895884","16","0","1","1","D","","A","","A","","A","","A","","A","","A","","A","","A","","A","50","D"
"20191","03897194","54","0","1","3","D","211","G","21","G","","A","","A","1","D","1","D","2","D","2","D","68","G","","A"
"20191","03898574","30","0","1","12","D","4126","G","676","G","","A","1717","G","1","D","1","D","1","D","2","D","1681","G","","A"
"20191","03900974","24","0","1","2","D","160","D","","A","20","D","","A","","A","","A","","A","","A","60","D","20","D"
"20191","03901354","42","0","1","2","D","400","D","100","D","","A","","A","","A","","A","","A","","A","300","D","","A"
"20191","03901924","33","0","1","1","D","125","D","","A","","A","","A","","A","","A","","A","","A","","A","","A"
"20191","03904704","18","0","1","1","D","115","D","","A","","A","","A","","A","","A","","A","","A","","A","","A"
"20191","03908544","32","0","1","1","D","","A","15","D","","A","","A","","A","","A","","A","","A","25","D","","A"
"20191","03910954","35","0","1","1","D","76","G","11","G","","A","","A","1","D","1","D","2","D","2","D","28","G","","A"
"20191","03912194","44","0","1","1","D","","A","40","D","","A","","A","","A","","A","","A","","A","160","D","","A"
"20191","03923724","28","0","1","12","D","720","D","","A","","A","","A","","A","","A","","A","","A","900","D","","A"
"20191","03925394","36","0","1","2","D","172","D","","A","","A","","A","","A","","A","","A","","A","40","D","","A"
"20191","03928484","37","0","1","1","D","100","D","","A","","A","","A","","A","","A","","A","","A","80","D","","A"
"20191","03929424","43","0","1","2","D","157","D","50","D","","A","","A","","A","","A","","A","","A","51","D","20","D"
"20191","03929424","44","0","1","2","D","153","D","39","D","","A","","A","","A","","A","","A","","A","0","D","","A"
"20191","03931284","48","0","1","2","D","400","D","","A","","A","","A","","A","","A","","A","","A","150","D","","A"
"20191","03945293","48","0","1","1","D","157","D","100","D","","A","","A","","A","","A","","A","","A","240","D","","A"
"20191","03947023","42","0","1","1","D","76","G","11","G","","A","","A","1","D","1","D","2","D","2","D","63","G","","A"
"20191","03948943","32","0","1","1","D","155","G","19","G","","A","","A","1","D","1","D","2","D","2","D","86","G","","A"
"20191","03949513","30","0","1","4","D","140","D","","A","","A","97","D","","A","","A","","A","","A","80","D","","A"
"20191","03966103","59","0","1","1","D","125","D","","A","","A","","A","","A","","A","","A","","A","100","D","","A"
"20191","03968563","55","0","1","3","D","120","D","","A","","A","","A","","A","","A","","A","","A","70","D","","A"
"20191","03968563","56","0","1","1","D","60","D","","A","","A","","A","","A","","A","","A","","A","80","D","","A"
"20191","03969083","26","0","1","1","D","188","D","","A","","A","","A","","A","","A","","A","","A","","A","","A"
"20191","03969453","26","0","1","2","D","","A","","A","","A","","A","1","D","1","D","1","D","2","D","30","D","","A"
"20191","03971363","16","0","1","1","D","30","D","","A","","A","","A","","A","","A","","A","","A","","A","","A"
"20191","03975213","20","0","1","4","D","354","D","","A","","A","30","D","","A","","A","","A","","A","250","D","","A"
"20191","03987223","27","0","1","1","D","","A","","A","","A","","A","2","D","1","D","2","D","2","D","30","D","","A"
"20191","03987323","71","0","1","1","D","384","D","","A","","A","","A","","A","","A","","A","","A","100","D","","A"
"20191","03988063","52","0","1","1","D","149","D","","A","","A","","A","","A","","A","","A","","A","80","D","","A"
"20191","03989993","42","0","1","6","D","","A","200","D","","A","","A","","A","","A","","A","","A","800","D","","A"
"20191","03990903","29","0","1","10","D","3838","G","434","G","","A","","A","1","D","1","D","2","D","2","D","1057","G","","A"
"20191","03993823","38","0","1","2","D","136","D","","A","","A","","A","","A","","A","","A","","A","","A","","A"
"20191","03994863","18","0","1","1","D","110","D","","A","","A","","A","","A","","A","","A","","A","5","D","","A"
"20191","04006932","16","0","1","1","D","","A","","A","","A","","A","","A","","A","","A","","A","50","D","","A"
"20191","04009092","24","0","1","1","D","218","D","22","D","","A","","A","","A","","A","","A","","A","96","D","","A"
"20191","04009392","62","0","1","1","D","99","D","","A","","A","","A","","A","","A","","A","","A","40","D","","A"
"20191","04009582","39","0","1","2","D","250","D","","A","","A","","A","","A","","A","","A","","A","80","D","","A"
"20191","04009582","40","0","1","2","D","250","D","","A","","A","","A","","A","","A","","A","","A","80","D","","A"
"20191","04014402","20","0","1","1","D","134","D","","A","7","D","","A","","A","","A","","A","","A","","A","13","D"
"20191","04014732","44","0","1","1","D","200","D","","A","","A","","A","","A","","A","","A","","A","100","D","","A"
"20191","04015362","43","0","1","1","D","75","D","","A","","A","","A","","A","","A","","A","","A","","A","","A"
"20191","04027952","17","0","1","21","D","1155","D","","A","","A","","A","","A","","A","","A","","A","","A","250","D"
"20191","04034602","33","0","1","2","D","600","D","50","D","","A","200","D","","A","","A","","A","","A","350","D","","A"
"20191","04035983","14","0","1","10","D","600","D","","A","","A","","A","","A","","A","","A","","A","300","D","","A"
"20191","04037022","21","0","1","2","D","185","G","53","G","","A","66","G","1","D","1","D","1","D","2","D","146","G","","A"
"20191","04038252","95","0","1","1","D","160","D","","A","","A","","A","","A","","A","","A","","A","","A","","A"
"20191","04038452","15","0","1","10","D","","A","","A","","A","","A","","A","","A","","A","","A","2500","D","","A"
"20191","04038612","61","0","1","2","D","484","G","50","D","","A","216","G","2","D","1","D","1","D","1","D","100","D","","A"
"20191","04041432","29","0","1","5","D","780","G","","A","","A","","A","2","D","1","D","2","D","2","D","250","D","80","D"
"20191","04041432","30","0","1","4","D","840","G","","A","","A","52","D","2","D","1","D","2","D","2","D","130","D","75","D"
"20191","04044902","6","0","1","2","D","","A","","A","","A","","A","","A","","A","","A","","A","70","D","","A"
"20191","04045762","30","0","1","1","D","230","D","10","D","","A","","A","","A","","A","","A","","A","15","D","","A"
"20191","04047362","28","0","1","1","D","40","G","4","G","","A","18","G","1","D","1","D","1","D","2","D","13","G","","A"
"20191","04048722","31","0","1","3","D","580","G","25","D","","A","","A","2","D","1","D","2","D","1","D","125","D","","A"
"20191","04069811","18","0","1","1","D","","A","","A","","A","150","D","","A","","A","","A","","A","20","D","","A"
"20191","04073031","40","0","1","1","D","100","D","","A","","A","","A","","A","","A","","A","","A","50","D","","A"
"20191","04073191","72","0","1","1","D","75","D","","A","","A","","A","","A","","A","","A","","A","100","D","","A"
"20191","04073491","21","0","1","4","D","1526","G","195","G","","A","665","G","1","D","1","D","1","D","2","D","614","G","","A"
"20191","04073561","12","0","1","7","D","","A","25","F","","A","","A","","A","","A","","A","","A","75","F","","A"
"20191","04076851","19","0","1","2","D","","A","","A","","A","","A","","A","","A","","A","","A","40","D","40","D"
"20191","04078091","18","0","1","2","D","280","D","","A","","A","","A","","A","","A","","A","","A","60","D","","A"
"20191","04078781","14","0","1","7","D","","A","","A","","A","","A","","A","","A","","A","","A","300","D","","A"
"20191","04078841","21","0","1","3","D","","A","","A","","A","","A","","A","","A","","A","","A","40","D","","A"
"20191","04079051","20","0","1","2","D","70","D","150","D","","A","","A","","A","","A","","A","","A","50","D","","A"
"20191","04079141","43","0","1","1","D","82","D","","A","","A","","A","","A","","A","","A","","A","30","D","","A"
"20191","04079141","44","0","1","1","D","82","D","","A","","A","","A","","A","","A","","A","","A","","A","","A"
"20191","04079581","32","0","1","10","D","2000","D","200","D","","A","","A","","A","","A","","A","","A","300","D","","A"
"20191","04091551","12","0","1","1","D","100","D","","A","","A","200","D","","A","","A","","A","","A","15","D","10","D"
"20191","04091981","32","0","1","2","D","200","D","","A","","A","","A","","A","","A","","A","","A","","A","","A"
"20191","04092401","31","0","1","1","D","130","D","10","D","","A","","A","","A","","A","","A","","A","90","D","","A"
"20191","04092551","45","0","1","4","D","616","D","","A","","A","","A","","A","","A","","A","","A","","A","120","D"
"20191","04092801","18","0","1","1","D","134","D","","A","","A","","A","","A","","A","","A","","A","140","D","","A"
"20191","04092901","36","0","1","1","D","180","D","25","D","","A","","A","","A","","A","","A","","A","75","D","","A"
"20191","04093761","18","0","1","1","D","250","D","20","D","","A","","A","","A","","A","","A","","A","0","D","","A"
"20191","04093871","23","0","1","3","D","220","D","5","D","","A","","A","","A","","A","","A","","A","35","D","","A"
"20191","04094171","23","0","1","1","D","299","F","","A","","A","300","D","","A","","A","","A","","A","","A","","A"
"20191","04095634","28","0","1","1","D","120","D","","A","","A","","A","","A","","A","","A","","A","20","D","","A"
"20191","04096431","17","0","1","7","D","","A","50","D","","A","","A","","A","","A","","A","","A","150","D","","A"
"20191","04097653","17","0","1","7","D","1000","D","150","F","","A","","A","","A","","A","","A","","A","50","F","","A"
"20191","04098963","15","0","1","6","D","540","D","47","F","12","D","","A","","A","","A","","A","","A","296","F","108","D"
"20191","04100721","20","0","1","10","D","","A","271","D","100","D","77","D","","A","","A","","A","","A","1729","D","120","D"
"20191","04100831","51","0","1","1","D","200","D","","A","","A","","A","","A","","A","","A","","A","40","D","","A"
"20191","04101361","22","0","1","1","D","150","D","47","G","3","G","60","D","","A","","A","","A","","A","296","G","514","G"
"20191","04101494","10","0","1","1","D","","A","","A","","A","","A","1","D","1","D","1","D","2","D","30","D","","A"
"20191","04102481","20","0","1","2","D","250","D","","A","","A","","A","","A","","A","","A","","A","130","D","","A"
"20191","04103134","21","0","1","2","D","132","D","","A","","A","","A","","A","","A","","A","","A","40","D","","A"
"20191","04103531","26","0","1","3","D","300","D","","A","","A","","A","","A","","A","","A","","A","50","D","10","D"
"20191","04105421","43","0","1","1","D","120","D","","A","","A","","A","","A","","A","","A","","A","","A","","A"
"20191","04107131","14","0","1","7","D","800","D","","A","","A","","A","","A","","A","","A","","A","50","D","50","D"
"20191","04109771","21","0","1","1","D","148","G","22","G","","A","","A","1","D","1","D","2","D","2","D","55","G","","A"
"20191","04110171","33","0","1","1","D","150","D","30","D","","A","","A","","A","","A","","A","","A","70","D","","A"
"20191","04110861","19","0","1","8","D","1400","D","25","D","","A","","A","","A","","A","","A","","A","45","D","","A"
"20192","03945334","29","0","1","3","D","300","D","50","D","","A","","A","","A","","A","","A","","A","250","D","","A"
"20192","03945974","35","0","1","2","D","200","D","12","D","","A","75","D","","A","","A","","A","","A","138","D","","A"
"20192","03951424","57","0","1","2","D","500","D","","A","","A","","A","","A","","A","","A","","A","120","D","","A"
"20192","03951504","48","0","1","1","D","200","D","15","D","","A","","A","","A","","A","","A","","A","135","D","","A"
"20192","03953014","39","0","1","2","D","150","D","20","D","","A","160","D","","A","","A","","A","","A","230","D","","A"
"20192","03965034","21","0","1","3","D","","A","50","F","","A","","A","","A","","A","","A","","A","250","F","","A"
"20192","03965564","55","0","1","13","D","598","D","","A","","A","","A","","A","","A","","A","","A","20","D","","A"
"20192","03970074","20","0","1","1","D","120","D","","A","","A","40","D","","A","","A","","A","","A","50","D","","A"
"20192","03972724","29","0","1","2","D","180","D","","A","","A","","A","","A","","A","","A","","A","","A","","A"
"20192","03972814","6","0","1","1","D","","A","","A","","A","","A","","A","","A","","A","","A","","A","6","D"
"20192","03986094","62","0","1","1","D","249","D","","A","","A","","A","","A","","A","","A","","A","","A","","A"
"20192","03987324","66","0","1","2","D","300","D","","A","","A","","A","","A","","A","","A","","A","60","D","20","D"
"20192","03987644","17","0","1","1","D","","A","","A","","A","","A","","A","","A","","A","","A","30","D","","A"
"20192","03988064","54","0","1","2","D","260","D","","A","40","D","20","D","","A","","A","","A","","A","150","D","0","D"
"20192","03989034","36","0","1","3","D","160","D","100","D","","A","","A","","A","","A","","A","","A","100","D","","A"
"20192","03990844","44","0","1","1","D","100","D","","A","","A","20","D","","A","","A","","A","","A","75","D","","A"
"20192","03991044","37","0","1","1","D","","A","100","D","","A","800","D","","A","","A","","A","","A","100","D","","A"
"20192","03992304","72","0","1","1","D","320","D","","A","","A","","A","","A","","A","","A","","A","","A","","A"
"20192","03992474","36","0","1","1","D","50","D","","A","","A","","A","","A","","A","","A","","A","50","D","30","D"
"20192","03995464","23","0","1","1","D","120","D","25","D","","A","","A","","A","","A","","A","","A","35","D","","A"
"20192","04010403","27","0","1","1","D","135","D","","A","","A","40","D","","A","","A","","A","","A","26","D","","A"
"20192","04013403","32","0","1","1","D","386","D","","A","","A","","A","","A","","A","","A","","A","","A","","A"
"20192","04013673","28","0","1","2","D","200","D","","A","","A","60","D","","A","","A","","A","","A","60","D","","A"
"20192","04015344","18","0","1","20","D","1000","D","","A","","A","500","D","","A","","A","","A","","A","500","D","500","D"
"20192","04027893","27","0","1","1","D","150","D","","A","","A","","A","","A","","A","","A","","A","","A","","A"
"20192","04028023","68","0","1","2","D","300","D","","A","","A","","A","","A","","A","","A","","A","100","D","40","D"
"20192","04029033","29","0","1","1","D","130","D","78","G","60","G","","A","","A","","A","","A","","A","271","G","91","G"
"20192","04034803","64","0","1","1","D","80","D","","A","","A","","A","","A","","A","","A","","A","","A","","A"
"20192","04036123","51","0","1","2","D","232","D","","A","","A","125","D","","A","","A","","A","","A","150","D","","A"
"20192","04038403","26","0","1","4","D","700","D","50","D","","A","","A","","A","","A","","A","","A","50","D","","A"
"20192","04042413","35","0","1","2","D","350","D","","A","","A","","A","","A","","A","","A","","A","50","D","50","D"
"20192","04043233","9","0","1","2","D","380","D","","A","","A","300","D","","A","","A","","A","","A","100","D","","A"
"20192","04046303","31","0","1","2","D","160","D","30","D","","A","40","D","","A","","A","","A","","A","70","D","","A"
"20192","04047443","63","0","1","1","D","100","D","12","D","","A","","A","","A","","A","","A","","A","48","D","","A"
"20192","04048143","54","0","1","1","D","212","D","25","D","","A","","A","","A","","A","","A","","A","75","D","","A"
"20192","04070032","37","0","1","1","D","120","D","","A","","A","","A","","A","","A","","A","","A","50","D","","A"
"20192","04071692","23","0","1","1","D","60","D","","A","","A","","A","","A","","A","","A","","A","","A","","A"
"20192","04074522","23","0","1","2","D","110","D","25","D","","A","","A","","A","","A","","A","","A","50","D","","A"
"20192","04091102","18","0","1","10","D","1640","G","171","G","","A","445","G","1","D","1","D","1","D","2","D","744","G","","A"
"20192","04091682","55","0","1","2","D","150","D","20","D","","A","24","D","","A","","A","","A","","A","55","D","","A"
"20192","04093922","69","0","1","7","D","1923","G","308","G","","A","","A","1","D","1","D","2","D","1","D","837","G","","A"
"20192","04099612","24","0","1","1","D","195","D","","A","","A","","A","","A","","A","","A","","A","","A","60","D"
"20192","04101382","24","0","1","1","D","100","D","120","D","","A","","A","","A","","A","","A","","A","80","D","","A"
"20192","04102952","23","0","1","1","D","372","F","15","F","","A","","A","","A","","A","","A","","A","135","F","","A"
"20192","04103022","22","0","1","1","D","89","D","","A","","A","","A","","A","","A","","A","","A","","A","","A"
"20192","04107022","34","0","1","1","D","200","D","","A","","A","","A","","A","","A","","A","","A","200","D","","A"
"20192","04107922","25","0","1","1","D","","A","50","D","","A","","A","","A","","A","","A","","A","150","D","","A"
"20192","04110022","73","0","1","10","D","1000","D","","A","","A","","A","","A","","A","","A","","A","150","D","","A"
"20192","04172771","34","0","1","2","D","","A","","A","","A","","A","","A","","A","","A","","A","42","D","","A"
"20192","04175371","20","0","1","4","D","1200","D","","A","","A","1000","D","","A","","A","","A","","A","1200","D","","A"
"20192","04176471","22","0","1","17","D","840","D","","A","","A","","A","","A","","A","","A","","A","150","D","300","D"
"20192","04178741","14","0","1","1","D","144","D","","A","","A","","A","","A","","A","","A","","A","","A","","A"
"20192","04182431","32","0","1","2","D","56","D","40","D","","A","","A","","A","","A","","A","","A","80","D","","A"
"20192","04184001","23","0","1","5","D","665","D","","A","","A","","A","","A","","A","","A","","A","100","D","50","D"
"20192","04184201","21","0","1","1","D","200","D","40","D","","A","60","D","","A","","A","","A","","A","110","D","30","D"
"20192","04184831","24","0","1","89","D","","A","","A","","A","","A","","A","","A","","A","","A","3000","D","","A"
"20192","04184971","25","0","1","1","D","180","D","","A","","A","","A","","A","","A","","A","","A","100","D","20","D"
"20192","04185451","23","0","1","3","D","300","D","","A","","A","","A","","A","","A","","A","","A","300","D","20","D"
"20192","04185451","24","0","1","3","D","450","D","","A","","A","","A","","A","","A","","A","","A","300","D","20","D"
"20192","04186861","67","0","1","2","D","500","D","50","D","","A","200","D","","A","","A","","A","","A","100","D","40","D"
"20192","04187111","44","0","1","2","D","300","D","","A","","A","","A","","A","","A","","A","","A","60","D","","A"
"20192","04187381","29","0","1","2","D","240","D","","A","","A","","A","","A","","A","","A","","A","50","D","","A"
"20192","04187411","69","0","1","1","D","200","D","","A","","A","","A","","A","","A","","A","","A","150","D","","A"
"20192","04190071","39","0","1","2","D","161","G","9","G","","A","28","G","1","D","1","D","1","D","2","D","27","G","","A"
"20192","04192531","37","0","1","1","D","","A","50","G","","A","136","G","1","D","2","D","1","D","2","D","204","G","","A"
"20192","04192591","23","0","1","1","D","250","D","100","D","","A","","A","","A","","A","","A","","A","300","D","","A"
"20192","04193461","40","0","1","3","D","220","D","40","D","","A","","A","","A","","A","","A","","A","160","D","30","D"
"20192","04193891","32","0","1","2","D","400","D","50","D","","A","","A","","A","","A","","A","","A","130","D","40","D"
"20192","04194421","27","0","1","1","D","112","G","","A","","A","53","G","2","D","1","D","1","D","2","D","70","D","","A"
"20192","04197671","30","0","1","4","D","400","D","20","D","","A","","A","","A","","A","","A","","A","80","D","","A"
"20192","04198731","13","0","1","75","D","1800","D","","A","","A","","A","","A","","A","","A","","A","2500","D","","A"
"20192","04202931","30","0","1","2","D","350","D","20","D","","A","","A","","A","","A","","A","","A","80","D","","A"
"20192","04204031","10","0","1","","C","240","F","","A","","A","","A","","A","","A","","A","","A","75","F","40","F"
"20193","04013224","11","0","1","2","D","130","D","","A","","A","","A","","A","","A","","A","","A","","A","","A"
"20193","04016724","35","0","1","2","D","270","D","","A","","A","","A","","A","","A","","A","","A","","A","","A"
"20193","04029194","23","0","1","4","D","500","G","","A","","A","","A","2","D","1","D","2","D","2","D","240","D","","A"
"20193","04032284","31","0","1","10","D","856","G","118","G","","A","311","G","1","D","1","D","1","D","1","D","315","G","","A"
"20193","04032704","28","0","1","3","D","292","D","","A","","A","","A","","A","","A","","A","","A","","A","","A"
"20193","04034664","30","0","1","1","D","100","D","","A","","A","","A","","A","","A","","A","","A","30","D","","A"
"20193","04038404","26","0","1","4","D","500","D","","A","","A","","A","","A","","A","","A","","A","","A","","A"
"20193","04039224","61","0","1","1","D","125","D","","A","","A","","A","","A","","A","","A","","A","","A","","A"
"20193","04039954","32","0","1","1","D","87","D","","A","","A","","A","","A","","A","","A","","A","50","D","","A"
"20193","04040544","41","0","1","2","D","355","G","91","G","","A","87","G","1","D","1","D","1","D","2","D","467","G","","A"
"20193","04041434","46","0","1","2","D","135","D","","A","","A","","A","","A","","A","","A","","A","20","D","","A"
"20193","04044684","43","0","1","2","D","256","D","","A","","A","","A","","A","","A","","A","","A","","A","","A"
"20193","04045904","16","0","1","6","D","","A","","A","","A","","A","2","D","1","D","2","D","2","D","","A","","A"
"20193","04071413","32","0","1","1","D","100","D","","A","","A","","A","","A","","A","","A","","A","","A","","A"
"20193","04071913","41","0","1","1","D","220","D","30","D","","A","","A","","A","","A","","A","","A","170","D","","A"
"20193","04072693","33","0","1","1","D","","A","","A","","A","50","D","","A","","A","","A","","A","","A","","A"
"20193","04075143","41","0","1","1","D","115","D","5","D","","A","","A","","A","","A","","A","","A","45","D","","A"
"20193","04079973","24","0","1","10","D","1000","D","","A","","A","","A","","A","","A","","A","","A","1000","D","","A"
"20193","04091683","47","0","1","2","D","161","G","51","G","","A","","A","1","D","1","D","2","D","2","D","128","G","","A"
"20193","04091893","26","0","1","5","D","750","D","","A","","A","","A","","A","","A","","A","","A","200","D","25","D"
"20193","04091923","41","0","1","9","D","50","D","","A","","A","","A","","A","","A","","A","","A","","A","50","D"
"20193","04092293","23","0","1","3","D","900","D","","A","","A","","A","","A","","A","","A","","A","450","D","","A"
"20193","04094053","25","0","1","4","D","500","D","","A","","A","","A","","A","","A","","A","","A","300","D","","A"
"20193","04096723","35","0","1","2","D","300","D","50","F","","A","","A","","A","","A","","A","","A","250","F","","A"
"20193","04096883","11","0","1","2","D","209","D","","A","","A","","A","","A","","A","","A","","A","","A","","A"
"20193","04098973","63","0","1","1","D","339","D","50","D","","A","","A","","A","","A","","A","","A","350","D","","A"
"20193","04100833","81","0","1","3","D","800","D","50","D","","A","","A","","A","","A","","A","","A","250","D","","A"
"20193","04101233","30","0","1","1","D","99","D","","A","","A","","A","","A","","A","","A","","A","60","D","","A"
"20193","04173722","32","0","1","2","D","250","D","","A","","A","","A","","A","","A","","A","","A","120","D","60","D"
"20193","04176522","15","0","1","1","D","70","D","","A","","A","","A","","A","","A","","A","","A","","A","40","D"
"20193","04177262","54","0","1","2","D","220","D","","A","","A","","A","","A","","A","","A","","A","","A","","A"
"20193","04178292","26","0","1","2","D","260","D","","A","","A","","A","","A","","A","","A","","A","40","D","60","D"
"20193","04179102","42","0","1","3","D","172","D","","A","","A","","A","","A","","A","","A","","A","","A","","A"
"20193","04179822","43","0","1","1","D","120","D","","A","","A","","A","","A","","A","","A","","A","50","D","","A"
"20193","04180502","28","0","1","1","D","100","D","15","D","","A","","A","","A","","A","","A","","A","15","D","","A"
"20193","04180822","66","0","1","2","D","485","G","56","G","","A","","A","1","D","1","D","2","D","2","D","409","G","","A"
"20193","04181582","26","0","1","1","D","180","D","","A","","A","280","D","","A","","A","","A","","A","200","D","","A"
"20193","04183542","49","0","1","3","D","","A","15","D","","A","","A","","A","","A","","A","","A","35","D","","A"
"20193","04183562","5","0","1","","C","","A","","A","","A","","A","","A","","A","","A","","A","","A","30","F"
"20193","04184592","14","0","1","2","D","286","D","20","D","","A","","A","","A","","A","","A","","A","40","D","","A"
"20193","04185532","30","0","1","2","D","10","D","","A","","A","","A","","A","","A","","A","","A","","A","","A"
"20193","04188682","22","0","1","1","D","160","D","","A","","A","","A","","A","","A","","A","","A","20","D","","A"
"20193","04191162","34","0","1","2","D","300","D","","A","","A","","A","","A","","A","","A","","A","300","F","","A"
"20193","04192242","39","0","1","1","D","200","D","15","F","","A","","A","","A","","A","","A","","A","15","F","","A"
"20193","04193712","20","0","1","21","D","1000","D","","A","","A","","A","","A","","A","","A","","A","300","D","","A"
"20193","04195202","51","0","1","3","D","378","D","60","D","","A","","A","","A","","A","","A","","A","90","D","","A"
"20193","04202962","34","0","1","2","D","250","D","","A","","A","","A","","A","","A","","A","","A","100","D","","A"
"20193","04204212","26","0","1","1","D","125","D","","A","","A","","A","","A","","A","","A","","A","50","D","","A"
"20193","04204542","26","0","1","1","D","104","D","","A","","A","90","D","","A","","A","","A","","A","25","D","30","D"
"20193","04216801","63","0","1","1","D","200","D","","A","","A","","A","","A","","A","","A","","A","60","D","","A"
"20193","04218441","43","0","1","1","D","150","D","20","D","","A","","A","","A","","A","","A","","A","30","D","25","D"
"20193","04219561","19","0","1","3","D","300","D","","A","","A","","A","","A","","A","","A","","A","200","D","50","D"
"20193","04220081","20","0","1","1","D","85","D","","A","","A","","A","","A","","A","","A","","A","","A","","A"
"20193","04222801","28","0","1","1","D","125","D","","A","","A","","A","","A","","A","","A","","A","75","D","","A"
"20193","04223341","23","0","1","1","D","255","D","","A","","A","","A","","A","","A","","A","","A","","A","","A"
"20193","04225771","7","0","1","1","D","458","G","75","G","","A","","A","1","D","1","D","2","D","2","D","217","G","","A"
"20193","04227971","21","0","1","1","D","97","D","","A","","A","","A","","A","","A","","A","","A","40","D","20","D"
"20193","04230821","35","0","1","1","D","145","D","","A","","A","","A","","A","","A","","A","","A","100","D","30","D"
"20193","04237021","22","0","1","3","D","350","D","47","D","","A","","A","","A","","A","","A","","A","0","D","","A"
"20193","04237411","35","0","1","2","D","215","D","40","D","","A","40","D","","A","","A","","A","","A","80","D","","A"
"20193","04243181","35","0","1","12","D","","A","50","D","40","D","","A","","A","","A","","A","","A","150","D","35","D"
"20193","04243691","47","0","1","2","D","279","F","150","D","","A","","A","","A","","A","","A","","A","150","D","","A"
"20193","04244541","35","0","1","1","D","100","D","40","D","","A","","A","","A","","A","","A","","A","60","D","","A"
"20193","04244881","36","0","1","2","D","","A","","A","","A","20","D","","A","","A","","A","","A","","A","3","D"
"20193","04245711","24","0","1","1","D","110","D","","A","","A","","A","","A","","A","","A","","A","25","D","","A"
"20194","04070454","38","0","1","1","D","110","D","","A","","A","","A","","A","","A","","A","","A","","A","","A"
"20194","04071714","35","0","1","1","D","130","D","","A","","A","","A","","A","","A","","A","","A","100","D","","A"
"20194","04071914","56","0","1","6","D","1500","D","75","F","","A","","A","","A","","A","","A","","A","225","F","","A"
"20194","04073194","76","0","1","10","D","","A","50","D","160","D","","A","","A","","A","","A","","A","350","D","240","D"
"20194","04073454","48","0","1","1","D","110","D","","A","","A","","A","","A","","A","","A","","A","59","D","","A"
"20194","04078094","17","0","1","6","D","700","D","","A","","A","40","D","","A","","A","","A","","A","150","D","","A"
"20194","04091094","37","0","1","1","D","96","D","","A","","A","70","D","","A","","A","","A","","A","75","D","","A"
"20194","04091804","17","0","1","1","D","35","D","12","D","","A","","A","","A","","A","","A","","A","12","D","","A"
"20194","04094514","26","0","1","5","D","","A","","A","","A","","A","","A","","A","","A","","A","","A","100","D"
"20194","04101474","25","0","1","1","D","100","G","","A","","A","","A","","A","","A","","A","","A","","A","","A"
"20194","04104534","28","0","1","1","D","119","G","","A","","A","","A","","A","","A","","A","","A","","A","","A"
"20194","04107514","31","0","1","5","D","","A","","A","","A","","A","","A","","A","","A","","A","","A","300","D"
"20194","04110144","27","0","1","1","D","98","D","","A","","A","","A","","A","","A","","A","","A","","A","","A"
"20194","04174143","34","0","1","1","D","125","D","","A","","A","","A","","A","","A","","A","","A","60","D","","A"
"20194","04177683","19","0","1","2","D","250","D","30","D","","A","","A","","A","","A","","A","","A","70","D","","A"
"20194","04177723","33","0","1","4","D","600","D","","A","","A","","A","","A","","A","","A","","A","175","D","","A"
"20194","04178523","28","0","1","2","D","280","D","","A","","A","","A","","A","","A","","A","","A","","A","","A"
"20194","04182833","44","0","1","1","D","110","D","","A","","A","100","D","","A","","A","","A","","A","120","D","","A"
"20194","04184943","78","0","1","1","D","30","D","90","D","","A","","A","","A","","A","","A","","A","85","D","","A"
"20194","04186023","37","0","1","2","D","800","D","","A","","A","","A","","A","","A","","A","","A","200","D","","A"
"20194","04188683","29","0","1","1","D","105","D","","A","","A","","A","","A","","A","","A","","A","","A","","A"
"20194","04192723","8","0","1","4","D","","A","","A","","A","","A","","A","","A","","A","","A","500","D","23","D"
"20194","04199113","39","0","1","3","D","700","G","50","D","","A","","A","2","D","1","D","2","D","1","D","150","D","","A"
"20194","04200623","38","0","1","1","D","18","D","","A","","A","","A","","A","","A","","A","","A","","A","20","D"
"20194","04202623","14","0","1","3","D","442","G","59","G","","A","","A","1","D","1","D","2","D","2","D","189","G","40","D"
"20194","04203133","31","0","1","3","D","15","G","1","G","","A","5","G","1","D","1","D","1","D","2","D","144","G","","A"
"20194","04204113","52","0","1","1","D","67","D","","A","","A","","A","","A","","A","","A","","A","30","D","","A"
"20194","04217222","23","0","1","5","D","","A","","A","","A","","A","","A","","A","","A","","A","10","D","","A"
"20194","04218222","38","0","1","2","D","243","D","","A","","A","26","D","","A","","A","","A","","A","75","D","35","D"
"20194","04218442","42","0","1","2","D","750","D","75","D","","A","110","D","","A","","A","","A","","A","225","D","","A"
"20194","04220972","37","0","1","3","D","150","D","10","D","","A","","A","","A","","A","","A","","A","30","D","","A"
"20194","04225772","9","0","1","1","D","","A","","A","","A","","A","2","D","1","D","2","D","1","D","","A","","A"
"20194","04226052","41","0","1","1","D","","A","","A","","A","","A","","A","","A","","A","","A","125","D","5","D"
"20194","04226052","42","0","1","1","D","125","D","","A","","A","","A","","A","","A","","A","","A","","A","","A"
"20194","04226222","22","0","1","1","D","70","D","10","D","","A","","A","","A","","A","","A","","A","30","D","","A"
"20194","04230152","30","0","1","3","D","400","D","40","D","25","D","","A","","A","","A","","A","","A","160","D","75","D"
"20194","04231162","22","0","1","2","D","600","D","","A","","A","50","D","","A","","A","","A","","A","100","D","","A"
"20194","04232482","16","0","1","2","D","","A","","A","","A","","A","","A","","A","","A","","A","","A","90","D"
"20194","04234972","49","0","1","1","D","61","G","","A","","A","14","G","2","D","1","D","1","D","1","D","60","D","20","D"
"20194","04242282","15","0","1","2","D","125","D","","A","","A","","A","","A","","A","","A","","A","125","D","40","F"
"20194","04243472","9","0","1","2","D","429","D","","A","","A","","A","","A","","A","","A","","A","","A","","A"
"20194","04246372","22","0","1","3","D","200","D","","A","","A","150","D","","A","","A","","A","","A","150","D","50","D"
"20194","04267551","26","0","1","5","D","1400","D","","A","","A","500","D","","A","","A","","A","","A","600","D","185","D"
"20194","04269061","30","0","1","3","D","400","D","","A","","A","","A","","A","","A","","A","","A","150","D","","A"
"20194","04271161","78","0","1","1","D","97","D","","A","","A","","A","","A","","A","","A","","A","","A","","A"
"20194","04275121","30","0","1","1","D","400","D","","A","","A","","A","","A","","A","","A","","A","","A","","A"
"20194","04276131","16","0","1","2","D","280","D","","A","","A","60","D","","A","","A","","A","","A","50","D","","A"
"20194","04277071","18","0","1","4","D","500","D","","A","","A","","A","","A","","A","","A","","A","","A","","A"
"20194","04278971","37","0","1","1","D","40","D","30","D","","A","","A","","A","","A","","A","","A","70","D","","A"
"20194","04279881","24","0","1","1","D","175","D","","A","","A","200","D","","A","","A","","A","","A","80","D","","A"
"20194","04280621","44","0","1","2","D","160","D","","A","","A","","A","","A","","A","","A","","A","200","D","","A"
"20194","04281521","35","0","1","1","D","130","D","15","D","32","D","10","D","","A","","A","","A","","A","35","D","0","D"
"20194","04281941","35","0","1","2","D","500","D","","A","","A","","A","","A","","A","","A","","A","","A","","A"
"20194","04286041","36","0","1","1","D","180","D","","A","","A","","A","","A","","A","","A","","A","","A","5","D"
"20194","04286401","16","0","1","1","D","112","D","","A","","A","","A","","A","","A","","A","","A","20","D","","A"
"20194","04286621","28","0","1","4","D","231","G","","A","","A","69","G","2","D","1","D","1","D","2","D","","A","","A"
"20194","04293081","15","0","1","3","D","250","D","30","D","","A","","A","","A","","A","","A","","A","220","D","","A"
"20194","04293491","23","0","1","2","D","400","G","","A","","A","","A","2","D","1","D","2","D","2","D","300","D","","A"
"20194","04293651","20","0","1","1","D","172","G","","A","","A","78","G","2","D","1","D","1","D","1","D","30","D","10","D"
"20194","04294171","49","0","1","1","D","139","D","","A","","A","","A","","A","","A","","A","","A","30","D","15","D"
"20194","04296141","20","0","1","3","D","180","D","","A","","A","100","D","","A","","A","","A","","A","200","D","","A"
"20194","04297431","28","0","1","2","D","150","D","","A","","A","","A","","A","","A","","A","","A","15","D","","A"
"20194","04298321","21","0","1","1","D","165","D","","A","","A","","A","","A","","A","","A","","A","","A","","A"
"20194","04299321","52","0","1","1","D","45","D","","A","","A","","A","","A","","A","","A","","A","45","D","","A"
"20201","04172874","16","0","1","1","D","100","D","","A","","A","","A","","A","","A","","A","","A","20","D","","A"
"20201","04175154","47","0","1","1","D","756","G","117","G","","A","321","G","1","D","1","D","1","D","2","D","306","G","","A"
"20201","04175244","58","0","1","3","D","430","G","74","G","","A","118","G","1","D","1","D","1","D","1","D","177","G","","A"
"20201","04175534","41","0","1","2","D","400","D","","A","","A","","A","","A","","A","","A","","A","","A","","A"
"20201","04187324","64","0","1","3","D","","A","","A","","A","","A","","A","","A","","A","","A","200","D","","A"
"20201","04192164","22","0","1","1","D","90","D","","A","","A","","A","","A","","A","","A","","A","60","D","","A"
"20201","04192244","58","0","1","1","D","120","D","40","D","","A","100","D","","A","","A","","A","","A","40","D","","A"
"20201","04196284","21","0","1","1","D","200","D","50","D","","A","","A","","A","","A","","A","","A","50","D","","A"
"20201","04196674","14","0","1","1","D","140","D","","A","","A","","A","","A","","A","","A","","A","70","D","","A"
"20201","04197864","54","0","1","1","D","238","G","","A","","A","","A","2","D","1","D","2","D","1","D","75","D","30","D"
"20201","04198324","26","0","1","4","D","450","D","80","D","50","D","","A","","A","","A","","A","","A","220","D","150","D"
"20201","04199114","39","0","1","5","D","250","G","","A","","A","","A","2","D","1","D","2","D","2","D","300","D","300","D"
"20201","04200594","15","0","1","1","D","105","D","","A","","A","","A","","A","","A","","A","","A","50","D","50","D"
"20201","04202534","21","0","1","1","D","150","D","","A","","A","","A","","A","","A","","A","","A","","A","","A"
"20201","04202664","27","0","1","2","D","1214","D","","A","","A","","A","","A","","A","","A","","A","200","D","","A"
"20201","04202934","34","0","1","1","D","100","D","20","D","","A","","A","","A","","A","","A","","A","30","D","","A"
"20201","04203404","69","0","1","2","D","265","D","","A","","A","","A","","A","","A","","A","","A","250","D","","A"
"20201","04215343","36","0","1","2","D","1","D","40","D","","A","","A","","A","","A","","A","","A","60","D","10","D"
"20201","04216063","34","0","1","1","D","125","D","","A","","A","","A","","A","","A","","A","","A","30","D","","A"
"20201","04216203","23","0","1","1","D","150","D","","A","","A","","A","","A","","A","","A","","A","100","D","200","D"
"20201","04216463","28","0","1","2","D","45","G","31","G","3","G","19","G","","A","","A","","A","","A","85","G","7","G"
"20201","04216813","22","0","1","3","D","","A","","A","","A","","A","","A","","A","","A","","A","100","D","","A"
"20201","04218443","40","0","1","1","D","150","D","50","D","","A","","A","","A","","A","","A","","A","100","D","","A"
"20201","04220343","10","0","1","","C","236","F","","A","","A","","A","","A","","A","","A","","A","320","D","","A"
"20201","04220663","29","0","1","1","D","45","D","","A","","A","","A","","A","","A","","A","","A","30","D","","A"
"20201","04224613","34","0","1","1","D","120","D","","A","","A","","A","","A","","A","","A","","A","50","D","","A"
"20201","04226163","28","0","1","4","D","500","D","","A","","A","","A","","A","","A","","A","","A","200","D","","A"
"20201","04232443","30","0","1","3","D","650","D","100","D","","A","","A","","A","","A","","A","","A","300","D","","A"
"20201","04236683","43","0","1","1","D","130","D","","A","","A","","A","","A","","A","","A","","A","30","D","","A"
"20201","04237983","17","0","1","4","D","367","D","","A","","A","","A","","A","","A","","A","","A","440","D","","A"
"20201","04238743","28","0","1","1","D","79","G","159","G","12","D","","A","1","D","1","D","2","D","2","D","181","G","38","D"
"20201","04239243","18","0","1","2","D","","A","","A","","A","","A","","A","","A","","A","","A","100","D","","A"
"20201","04243183","51","0","1","2","D","170","D","","A","","A","","A","","A","","A","","A","","A","80","D","15","D"
"20201","04243693","55","0","1","2","D","240","D","","A","","A","","A","","A","","A","","A","","A","100","D","","A"
"20201","04244943","43","0","1","1","D","250","D","","A","","A","","A","","A","","A","","A","","A","","A","","A"
"20201","04245363","20","0","1","7","D","95","G","13","G","6","G","34","G","","A","","A","","A","","A","36","G","136","G"
"20201","04245573","34","0","1","9","D","842","G","99","G","","A","","A","1","D","1","D","2","D","1","D","1059","G","200","D"
"20201","04246153","17","0","1","2","D","236","F","100","F","","A","","A","","A","","A","","A","","A","300","F","25","F"
"20201","04269062","40","0","1","1","D","275","G","","A","","A","","A","2","D","1","D","2","D","2","D","","A","","A"
"20201","04269302","27","0","1","2","D","130","D","","A","","A","","A","","A","","A","","A","","A","","A","","A"
"20201","04269982","40","0","1","5","D","","A","16","D","","A","","A","","A","","A","","A","","A","84","D","","A"
"20201","04271462","34","0","1","2","D","360","D","","A","","A","","A","","A","","A","","A","","A","50","D","","A"
"20201","04271462","35","0","1","1","D","180","D","","A","","A","","A","","A","","A","","A","","A","30","D","","A"
"20201","04277602","18","0","1","1","D","100","D","20","D","","A","","A","","A","","A","","A","","A","130","D","200","D"
"20201","04282602","33","0","1","1","D","","A","","A","","A","","A","","A","","A","","A","","A","40","D","","A"
"20201","04282792","21","0","1","6","D","","A","","A","","A","","A","","A","","A","","A","","A","100","D","","A"
"20201","04284312","19","0","1","2","D","240","D","","A","","A","","A","","A","","A","","A","","A","50","D","","A"
"20201","04289522","101","0","1","1","D","50","D","","A","","A","","A","","A","","A","","A","","A","","A","","A"
"20201","04290102","28","0","1","2","D","1","D","","A","","A","","A","","A","","A","","A","","A","30","D","","A"
"20201","04293912","22","0","1","1","D","230","D","60","D","","A","","A","","A","","A","","A","","A","120","D","","A"
"20201","04294192","34","0","1","1","D","108","D","","A","","A","","A","","A","","A","","A","","A","","A","","A"
"20201","04294942","13","0","1","2","D","300","D","","A","","A","20","D","","A","","A","","A","","A","200","D","","A"
"20201","04295662","31","0","1","2","D","","A","","A","13","D","70","D","","A","","A","","A","","A","30","D","30","D"
"20201","04297222","30","0","1","1","D","","A","30","D","","A","","A","","A","","A","","A","","A","70","D","10","D"
"20201","04298992","34","0","1","2","D","550","D","","A","","A","","A","","A","","A","","A","","A","50","D","50","D"
"20201","04311931","36","0","1","1","D","70","D","","A","","A","","A","","A","","A","","A","","A","150","D","","A"
"20201","04311931","37","0","1","1","D","175","D","","A","","A","","A","","A","","A","","A","","A","","A","","A"
"20201","04315081","34","0","1","1","D","70","D","","A","","A","","A","","A","","A","","A","","A","","A","50","D"
"20201","04315891","46","0","1","3","D","608","G","22","G","10","G","159","G","","A","","A","","A","","A","261","G","90","G"
"20201","04317771","27","0","1","1","D","98","D","","A","","A","","A","","A","","A","","A","","A","45","D","1","D"
"20201","04318101","36","0","1","3","D","220","D","","A","","A","","A","","A","","A","","A","","A","75","D","","A"
"20201","04318711","10","0","1","2","D","263","D","10","D","","A","","A","","A","","A","","A","","A","40","D","25","D"
"20201","04319061","19","0","1","2","D","260","D","","A","","A","","A","","A","","A","","A","","A","550","D","120","D"
"20201","04320531","19","0","1","2","D","14","G","5","G","1","G","3","G","1","D","1","D","1","D","2","D","5","G","2","G"
"20201","04320691","34","0","1","1","D","60","D","","A","","A","","A","","A","","A","","A","","A","","A","","A"
"20201","04320841","97","0","1","1","D","200","D","40","D","","A","200","D","","A","","A","","A","","A","110","D","","A"
"20201","04321511","10","0","1","5","D","500","D","","A","","A","","A","","A","","A","","A","","A","60","D","","A"
"20201","04322091","36","0","1","3","D","","A","","A","","A","","A","","A","","A","","A","","A","","A","50","F"
"20201","04322211","29","0","1","1","D","85","D","","A","","A","","A","","A","","A","","A","","A","","A","","A"
"20201","04324361","23","0","1","1","D","","A","125","D","","A","","A","","A","","A","","A","","A","50","D","","A"
"20201","04324503","41","0","1","5","D","445","D","35","D","40","D","","A","","A","","A","","A","","A","265","D","110","D"
"20201","04324511","35","0","1","1","D","88","D","","A","","A","300","D","","A","","A","","A","","A","70","D","","A"
"20201","04343851","16","0","1","1","D","120","D","","A","","A","","A","","A","","A","","A","","A","","A","","A"
"20201","04344961","22","0","1","2","D","300","D","75","D","","A","","A","","A","","A","","A","","A","125","D","50","D"
"20201","04345411","36","0","1","3","D","650","D","","A","","A","400","D","","A","","A","","A","","A","400","D","","A"
"20201","04347081","39","0","1","2","D","","A","","A","","A","120","D","","A","","A","","A","","A","100","D","25","D"
"20201","04347551","67","0","1","1","D","500","D","","A","","A","","A","","A","","A","","A","","A","200","D","","A"
"20201","04347761","27","0","1","2","D","500","D","150","D","","A","","A","","A","","A","","A","","A","150","D","","A"
"20201","04348041","48","0","1","2","D","250","D","30","D","","A","300","D","","A","","A","","A","","A","70","D","","A"
"20201","04348291","32","0","1","8","D","1100","D","","A","","A","","A","","A","","A","","A","","A","600","D","200","D"
"20201","04350061","29","0","1","1","D","95","D","","A","","A","","A","","A","","A","","A","","A","50","D","","A"
"20201","04350761","36","0","1","1","D","100","D","","A","","A","","A","","A","","A","","A","","A","100","D","","A"
"20201","04351291","42","0","1","1","D","98","D","","A","","A","","A","","A","","A","","A","","A","30","D","","A"
